0;経済に関連するコンポーネント
1;銀行コンポーネントは [Bank Accounts] が作成および管理される場所です。 国民は自分用に複数の口座を作成したり、他の国民と口座を共有したりできます。 口座を [Titles] と [Demographics] に割り当てることもできます。
2;口座のユーザーは、その口座を使用して取引(資金の追加と削除) が出来ます。

口座管理者は、管理者リストとユーザーリストの両方でユーザーを変更したり、口座の名前を変更したり、トランザクションを実行したりできます。

詳細設定では、口座を政府口座として設定できます。 政府口座は税金の受け取りと支払いが可能ですが、徴税や個人資産の計算では無視されます。 これを設定するには、[Elected Title|Elected Titles] によって割り当てられた政府銀行権限が必要です。
3;銀行コンポーネントは銀行口座の作成と管理に使用されます。
4;契約掲示板コンポーネントは、国民が [Contracts] と [Work Parties] を投稿および受諾できるようになり、国民間の強制労働やその他の協定が可能になります。
5;契約の設定
6;
契約書を投稿する場合、契約書には必要な数の条項を含めることができ、各条項は要求された仕事を説明するように構成できます。 契約が完了したとみなされる前に、各条項が満たされている必要があります。

「自動承諾」にチェックを入れると、契約の完了がシステムによって自動検出されます。 たとえば、2 地点間に道路を建設するように契約が設定されている場合、作業を実行する請負業者はサイド メニューで契約を開き、[ジョブ終了] を押すと、ジョブが実際に完了したかどうかの検出がトリガーされます。 その場合、契約は契約に従って支払われ、自動的に終了します。

「カスタム条項」は、プレイヤーがやってほしいことを言葉で説明できる特別な条項です。 契約にそのような条項が含まれている場合、自動検出では終了時期を判断できないため、クライアントが手動で承認する必要があります (自動承諾がチェックされていない場合があります)。
  
自動検出のチェックが外されている場合、請負業者はジョブが完了したと判断した場合に「ジョブ完了」をクリックし、完了を承認または拒否します。 自動承諾のない契約では、請負業者が完了した仕事を正直に承諾する保証がないため、国民間のさらなる信頼が必要になります。 市民は、このような状況において信頼性を判断する手段として [Reputation] を使用することをお勧めします。

契約には期限内に完了しなければならない設定期間があり、契約書の発行時に決定されます。 さらに、定期的なジョブに対して契約を繰り返すように設定できます。これを有効にすると、契約が受け入れられるたびに、カウンタが 1ずつ減ります。

契約に対して提供された支払いは、契約が有効である間、特別なエスクロー [Bank Account|Bank Accounts] に保管されます。 契約が正常に完了した場合、その支払いは請負人に送金され、失敗した場合はクライアントに返金されます。 請負人が手付金を徴収することもでき、これはエスクローに保管され、正常に完了した場合には請負人に返金され、失敗した場合にはクライアントに渡されます。
  
7;作業班
8;
[Work Parties] は契約掲示板に投稿することもでき、2者間のみの合意である契約とは対照的に、他の複数の国民が完了できるタスクを作成できます。 協働依頼を投稿する前に、国民は自分が所有する作業テーブルで作業指示を開始する必要があります。

協働依頼を投稿した後、労働者は契約委員会でプロジェクトに参加できます。 デフォルトでは、誰でも労働者として協働依頼に参加できますが、個々の役割または誰でも参加できる一般的な要件に対して要件を設定できます。 「満員時に役割を拡張」がチェックされている場合、すべての役割が満たされたときに、新しい労働者が参加するためのスペースが自動的に作成されます。

希望する作業を設定するとき、協働依頼の投稿者は、労働力、リソース、またはその両方を雇用することを決定できます。 協働依頼に貢献した国民は、提供した作業量に基づいて支払いの一部を受け取ります。 協働依頼内の特定のジョブに追加の報酬を割り当てると、その職業がより多くの支払いを受け取ります。

9;
仕事関係者にはさまざまな支払いオプションがあり、同じ仕事者に対して複数の支払いオプションを提供できます。

- 支払いとして [Currency] を提供する場合、契約終了時に一括で支払うのではなく、労働者の貢献に応じて支払いを行う「歩合制」のオプションがあります。

- [Reputation] を支払いとして提供する場合、協働依頼の終了時に貢献したすべての国民で分割されます。

- [Research] を支払いとして提供する場合、必要な金額を寄付したすべての国民は、協働依頼が終了すると即座にテクノロジーを発見します。 研究は、作業者が研究書を作成している場合、または作業者を提供する市民が作業者を投稿するときに在庫に研究書を持っている場合にのみ、支払いとして提供できます。

- 支払いとして [Title|Titles] を付与する場合、契約を提出する国民は、提供される肩書きの管理者でなければなりません。 最低量貢献したすべての国民に新しい称号が与えられます。 アクセス タイプによって、ユーザーが肩書きの管理者になるかユーザーになるかが決まります。

10;契約掲示板コンポーネントを使用すると、国民は契約や協働依頼の提案を投稿または受諾できます。
11;クレジットコンポーネントを使用すると、国民は所有するオブジェクトのすべての取引に通貨と銀行口座を設定できます。  
12;
[Bank Accounts] を選択すると、国民はアクセスを許可されている任意の口座を選択できます ([Bank Component] で実行)。 デフォルトでは、国民の個人口座が選択されます。

クレジット コンポーネントでは、世界中の任意の [Currencies|Currency] を選択できます。 これは、そのオブジェクトで行われるトランザクションに使用される通貨です (たとえば、[Store|Store Component] は、ここで設定されている通貨を受け入れます)。

ストア内の通貨を「なし」にすると、通貨を必要とせずに直接取引が可能になります。

[Crafting Component] を持つオブジェクトは、許可された市民が使用するための料金を定義できます。 クレジット コンポーネントの設定により、料金が請求される通貨と資金が入金される口座が決まります。  
13;クレジットコンポーネントを使用すると、国民はオブジェクトの取引に使用する銀行口座と通貨を設定できます。
14;証書販売コンポーネントにより、国民は [Property] を売買できるようになります。  
15;
[Real Estate Desk|Real Estate Desk Item] にアクセスすると、国民は自分の権利証のリストを作成したり、他の国民のリストを閲覧したりできます。 掲載されているすべての物件には、どの不動産デスクからもアクセスできます。

リスティングを作成するとき、不動産所有者は使用する価格と [Currency] を設定します。 すべての収益は、選択した [Bank Account|Bank Accounts] に入金されます。

証書を購入する際、通貨は購入者が選択した銀行口座から引き落とされます。

不動産が売却された後、証書と証書に含まれるすべての物品は新しい所有者に譲渡されます。  
16;証書販売コンポーネントにより、国民は物を売買できるようになります。
17;為替コンポーネントは、国民同士が [Currency] を交換することを可能にします。
18;貨幣の両替
19;
[CurrencyExchangeItem] の所有者は、為替コンポーネントを使用して他の市民に通貨交換を提供します。 取引所を設定する場合、所有者の通貨は販売のために提供される通貨です。 購入された所有者通貨の単位ごとに、国民には設定された金額の代替通貨が請求されます。

[Authorized Consumer|Authorization Component] が通貨取引所を訪問すると、提供されているすべての取引所のリストが表示されます。 デフォルトでは、すべての国民が認可された消費者です。
20;両替の制限
21;
外貨両替所の所有者には、残高制限を設定するオプションがあります。 これらにより、選択した口座内の通貨の量が制限を満たさない場合、国民は通貨を交換できなくなります。

左側の数字は最小保有通貨、右側の数字は最大保有通貨です。 残高制限のいずれかの値を 0 のままにすると、残高制限のその部分の制限はなくなります。
22;国民が外貨両替所を設立できるようにします。
23;アイテム配布コンポーネントを使用すると、所有者は善意の行為として、最初の住民の繁栄を促進するために、新しい住民に無料のアイテムを提供できます。
24;
(プレイ時間に基づいて) 資格を得たすべての新しい国民は、[DistributionStationItem] にアクセスしてアイテムを収集できます。 新しい国民は世界に入ると、アイテムが入手可能であることを通知する世界地図マーカーから始まります。 新しい住民がアイテムを収集できるように、配布するアイテムを[Storage Component] に保管しておかなければならないことに注意してください。

所有者は、どのアイテムを配布するか、各アイテムの数、および資格を得るために国民が世界に参加したのがどのくらい最近であるかを指定できます。  
25;善意の行為として、所有者が新しい市民に無料のアイテムを提供し、初期の市民の繁栄を促進することができます。
26;造幣コンポーネントを使用すると、国民はリソースに裏付けられた[Currencies|Currency] を作成できます。

27;
[MintItem] で通貨を作成する際には、裏付けとなるアイテムが選択され、各アイテムを消費するごとに生成されるアイテムごとのコインの量も選択されます。 通貨に裏付けとなるアイテムを使用することで、通貨の総量は使用したアイテムの数に制限されるため、新しい通貨が市場にあふれにくくなり、安定性が増します。 裏付けとなるアイテムの選択はこれに影響し、レアなアイテムほど入手が難しく、安定性が増します。

そのため、通貨の裏付けを決める際には注意が必要です。一度鋳造された通貨は、たとえその鋳造所が回収されたとしても、その通貨が鋳造された鋳造所と結びつきます。

[Authorization Component] で消費者の権利を与えられた国民は、造幣局コンポーネントを使って追加の通貨を鋳造することができます。通貨は、造幣局のオーナーが選択した対象の[Bank Account|Bank Accounts]、または造幣を行う国民が[Bank Component] でアクセスできる任意の銀行口座に鋳造できます。  
28;国民が裏付けのある通貨を作成および印刷できるようにします。
29;
ストア コンポーネントを使用すると、国民は他の国民から購入したり、他の国民に販売したりするアイテムを設定できます。 これらのアクションは自動的に実行されるため、店舗の所有者がオンラインである必要はありません。  
30;
[Credit Component] で選択した通貨と銀行口座は、店舗でのすべての取引に使用されます。店舗の通貨に「なし」を選択した場合、消費税がかからない直接取引が可能です。
 
ストアオーナーは、[Storage Component] で特定のコンテナをリンクして、どのアイテムを店舗の在庫の一部とみなすかを選択できます。デフォルトでは、店舗が最初に配置されたときにある、近くのすべてのストレージコンテナがストアにリンクされます。

販売リストを作成する場合、価格のみを設定する必要があります。販売リストの在庫は、リンクされたストレージコンテナ内のアイテムの在庫状況によって自動的に決定されます。

購入リストを作成する場合、各アイテムの価格と最大購入数量を決定する必要があります。最大購入数量をゼロのままにしておくと、ストアはリンクされたコンテナが一杯になるまで商品を購入し続けます。最大購入数量を指定した場合、国民はリンクされたストレージにその数量が入るまでそのアイテムを売ることができます。

耐久度を持つ道具の場合、売買するための最低耐久度を設定することができ、その耐久度以上のアイテムのみが店舗を通じての売買の対象となります。 
32;他の国民があなたとの間で商品を自動的に売買できるインターフェースを設定します。
33;政府に関連するコンポーネント。
34;
市政活動コンポーネントを使用すると、使用されているオブジェクトに応じて、市民が[Elections] に参加し、[Executive Actions] を実行し、辞任することができます。

35;選挙への参加
36;
[Ballot Box|Ballot Box Item] で市民活動コンポーネントを使用すると、市民は[Elected Titles] に立候補し、選挙に参加できます。

「投票」ボタンを押すと、プレーヤーは Web インターフェイスにリダイレクトされ、そこで実行中のすべての[Elections] を確認し、他の国民と議論し、[Data] で自分の主張の証拠を提供し、投票することができます。

現在の[Election Process|Election Processes] で拒否権を与えられた国民は、選挙を即座に覆すことができます。

選出された肩書きに立候補するには、まず資格のある国民が「選挙の開始」アクションを使用する必要があります。 選挙が開始されると、資格のある国民は 「選挙に参加」を選択して参加し、選挙演説を行うことができます。 候補者は、投票箱で利用可能なオプションを使用していつでも選挙から辞退することを選択できます。

37;執行アクションの実行
38;
[Executive Office|Executive Office Item] で市政活動コンポーネントを使用すると、選出された肩書きが一連の国民に影響を与える 1 回限りの行政アクションを実行できるようになります。

国民条件は、執行アクションがどの国民に適用されるかを決定し、国民に対して複数の条件を設定できます。 すべての国民に対してアクションを実行するには、国民の条件として [Demographic] の「Everyone」を使用します。

各国民に対するアクションは、行政アクションが承認されるとすぐに発効します。 条件を満たす各国民に対して複数のアクションを一度に実行できます。

39;行政官庁でのアクション
40;
[Government Office|Government Office Item] では、市政活動コンポーネントにより、選出された肩書きが辞任したり、他の選出された肩書きを解任したりすることができます。

辞任訴訟では、選出された役人がその職を辞任することが認められます。 選出された肩書きの作成時に後継者の称号が割り当てられていた場合、その称号を持つすべての国民から新しい役人がランダムに選択されます。 そうでない場合、選出されたタイトルは空席になります。

「役人を公職から削除」アクションでは、選出された役職を公職から削除する権限を与えられた国民が許可されます。 後任者を見つけるには、役人が辞任した場合と同じルールが適用されます。

41;国民が選挙に参加し、行政活動を行うことを許可します。
42;    市政目的コンポーネントを使用すると、国民はさまざまな市政目的を提案、修正、廃止できます。 
43;市政の役割
44;市政目的コンポーネント内に、[Civic Duties] のリストが表示されます。 これにより、現在の[Constitution]を前提として、市政目的に関してどのような権限が与えられているかが市民に通知されます。さまざまな市民義務の可能性は次のとおりです。
45;市政目的コンポーネントを使用すると、国民はさまざまな市政目的を提案、修正、廃止できます。
46;登録コンポーネントを使用すると、自由な[Titles] の作成と管理が可能になります。 これらの肩書きは、[Elected Titles] と同じ目的の多くに使用できますが、登録コンポーネントで任命されます。
47;肩書きの設定
48;肩書きの管理者は肩書きの名前を変更し、新しい管理者と肩書きの所有者を割り当てることができます。肩書きの管理者は肩書きの所持者とみなされません。

肩書きの所持者は、関連するすべての特典と条件を受け取ります。
49;詳細設定
50;
詳細設定では、肩書きの保有者の要件を設定し、条件を満たす肩書きの保有者に時給を割り当てることができます。
  
役職者に求められる条件を決める際には、さまざまな条件を設定できます。 国民がこれらの要件を維持できない場合、保有者としての割り当てを失います。 「条件セット」を使用すると、肩書きの保有者に対して複数の要件を設定できます。
 
賃金は、肩書きの管理者が[Bank Component] で使用する許可を与えられた[Bank Account|Bank Accounts] から肩書を持つユーザーに支払われます。 賃金は時間ごとに (ワールド設定に応じて) 肩書きを持つユーザーの個人口座に支払われます。 賃金タイプを使用して、オフライン時間を賃金支払いから除外することができます。
51;自由な肩書きの作成と管理を許可します。
52;財務コンポーネントを使用すると、「財務省で税金を設定する」権利を付与された [Elected Titles] が税率を調整し、世界のデフォルト通貨を選択できるようになります。
53;税金
54;[Taxes] を財務コンポーネントに設定すると、関連するすべての取引に自動的に適用されます。 すべての収益は財務省[Bank Account|Bank Accounts] に入金されます。 「政府銀行特権」設定を持つ選出された肩書きは、財務省口座から直接取引できます ([Credit Component] 内で口座を選択できます)。 国民に支払いを行う[Laws] を通じて財務省からお金が出ていくこともあります。
55;世界の既定の通貨
56;世界標準通過 は、クレジットコンポーネントを含む新しいオブジェクトを配置するときに使用されるデフォルトの [Currency] です。 国民は引き続き [Trade] で任意の通貨を使用することを選択できますが、世界の標準通貨があることで、共通の通貨を使用した経済を確立することが容易になります。
57;直接税
58;「財務省で税金を設定する」権利を持つ選出された肩書きは、国民から直接課税したり、資金を割り当てたりすることができます。 これは、希望する通貨を管理し、アクションを適用する国民を選択することによって行われます。 選出された肩書きは常に、すべての国民に表示されるこの行動を実行する理由を示す必要があります。

財務管理には、財務省口座から通貨を放出するオプションも含まれています。 これにより通貨が永久に削除されるため、裏付けのある通貨でこの機能を使用する場合は注意してください。  
59; 納税権限を持つ選出称号を保持している国民が税金を設定し、世界のデフォルト通貨を選択できるようにします。
60;住宅に関連するコンポーネント。
61;認可コンポーネントを使用すると、オブジェクトに対して国民が持つ権限を指定できます。    
62;
ここに表示される証書は、オブジェクトが存在する [Property] の証書 (または、[Vehicle|Vehicle Component] の場合はそれに関連付けられた証書) へのリンクにすぎません。

認定消費者は、特定の人物、[Titles]、または[Demographics] としてここにリストできます。 リストされている人は誰でも、完全な制御を持たずにオブジェクトを操作できます。 たとえば、店舗では、消費者の権利を持つ国民がそこで売買できるようになりますが、売り物を変更したり、店舗自体を移転したりできるのは、その不動産に対する完全な権利を持つ国民だけです。

配置されたすべてのオブジェクトには認可コンポーネントがあります。  
63;市民が特定のオブジェクトのアクセス権を設定できるようにします。
64;ベッドを使用すると、すべての国民が同時に (またはオフラインで) ベッドを使用すると、時間を加速できます。
  
(この機能は、ユーザーがオフラインのときに時間が加速するのを防ぐため、専用サーバーではデフォルトで無効になっていますが、サーバー管理者が有効にすることもできます。)
65;シングルプレイヤーサーバーまたはスリープが有効になっているサーバーでのスリープを許可します。
66;産業に関連するコンポーネント。
67;
クラフトコンポーネントは、アイテムの [Craft|Crafting]、リソースまたは労働力の追加、および既存のプロジェクトのキャンセルに使用されます。 [Work Party|Work Parties] に貢献する場合、作業依頼に参加している市民はクラフトコンポーネントにアクセスできます。  
68;アイテムのクラフト
69;
作成するアイテムと数量を選択した後、プロジェクトを開始するにはリソースと労働力が必要です。 これらのリソースは、手動で追加するか (作業テーブルに直接配置する)、またはリソースを含む[Storage Component] を接続することで追加できます。

関連する [Specialty|Specialties] を持つ国民は、労働力を追加するために必要なカロリーが少なくなります。 一部のプロジェクトでは、対応する専門分野を持つ国民の熟練した労働力が必要です。 この削減は作業命令の開始後に適用されるため、さまざまなスキル レベルの国民が同じ作業依頼に貢献できます。

[Modules Component] にアップグレードを追加すると、作業テーブルでの作業指示書の作成時間とリソース コストが削減されます。

プロジェクトが早期に (注文を右クリックして) キャンセルされた場合、リソースは返金されますが、費やした労働力は失われます。  
70;労働者の追加
71;
必要な労働単位ごとに、[Calories|Nutrition] が消費されます。 作業指示が開始された後、国民はクラフトコンポーネントの「作業」ボタンを押すことで労働力を追加できます。

プロジェクトが開始されると、作業テーブルを右クリックすることで、作業コンポーネントの外側から作業をすぐに追加できます。 この方法で労力を追加する場合、「Ctrl」キーを押したままにすると、通常の 5 倍の労力が追加されます。 「Alt」を押し続けると、利用可能なカロリーがすべて追加されます。  
72;タグが付いた素材
73;
一部のレシピでは、同種のアイテムを素材として受け入れることができるタグ付き素材を使用します。 たとえば、アイテムに「岩石」が必要であると指定すると、そのタグが付いたあらゆるタイプの岩 ([GraniteItem]、[BasaltItem] など) を受け入れることができます。

タグ付けされた素材は自動的に消費されるため、異なる素材を使用して個別の注文を作成する必要はありません。  
74;親レシピ
75;
一部のレシピは、親レシピと呼ばれる、より大きなレシピグループの一部となります。 これらのレシピの 1 つを作成するとき、国民は作成する特定のバリエーションを選択できます。 作成される数は、親レシピで選択された数量になります。

デフォルトでは、利用可能なリソースがあるレシピのみが表示されます。 「すべて表示」にチェックを入れると、考えられるすべてのバリエーションが表示されます。  
76;クラフティングコンポーネントは、アイテムを作成し、プロジェクトに労働力を追加するために使用されます。
77; モジュール コンポーネントを使用すると、住民は自分の [Crafting] テーブルにアップグレードを適応できます。 アップグレードを適応すると、そのテーブルの作業リストのリソース コストと作成時間が削減されます。
78;アップグレードの使用
79;
アップグレードには 5 つの異なるレベルがあります。 レベル 1 のアップグレードでは、リソースのコストとクラフト時間が 10% 減少し、レベルが上がるごとにさらに減少量が増えます。

作業台はさまざまなタイプのアップグレードを受け入れます。 初期のテーブルは「基本アップグレード」を受け入れますが、それ以降のテーブルは「高度なアップグレード」または「最新のアップグレード」を必要とします。 アップグレードの各段階には 5 つの異なる品質レベルがあり、最高の品質レベルは専門アップグレードです。

一部のレシピには、静的材料を使用するコストがかかります。 静的な材料はリソースコストの削減の影響を受けませんが、それらを含むレシピの作成時間は依然として削減されます。
80;専門アップグレード
81;
最高レベルのアップグレードは、選択した[Specialty|Specialties] の最大レベルに達した市民のみが製作することができる。他のアップグレードとは異なり、これらのアップグレードは、指定された職業を使ってレシピを作る際に追加のコスト削減を受けることができる。

いくつかの専門職には、異なるクラフトテーブルに対応した異なるレベルのアップグレードがあります。例えば、[CarpentrySkill] には[CarpentryTableItem] には[CarpentryBasicUpgradeItem]、[SawmillItem] には[CarpentryAdvancedUpgradeItem] があります。  
82;国民が作業台をアップグレードできるようになります。
83;
パイプコンポーネントを使用すると、国民はオブジェクトのスモッグ排出量、水の使用量、下水の流れの状態を確認できます。  
84;スモッグの発生
85;
スモッグ出力ツールチップをチェックすることで、国民は現在のオブジェクトの汚染出力と世界の [Pollution] レベルに関する追加情報を見つけることができます。

パイプを使用すると、大気汚染の流れを変えることができます。 スモッグ出力を含むパイプには複数の入力を含めることができますが、すべての部屋の外側でオブジェクトの上に開いた端を 1 つだけ持つ必要があります。

スモッグ汚染を放出する物体は、その物体が活動しているときにのみ汚染を放出します。
86;上下水道
87;
水入力を備えたオブジェクトと水出力を備えたポンプは、パイプ システムを介して接続されます。 水道管システムには、給水ポンプ用の複数の入力と、水が必要なオブジェクトごとに複数の出力を持つことができます。

パイプ コンポーネントの水ツールチップをチェックすることで、国民はオブジェクトが生成または消費している水の量を正確に確認できます。 十分な水が生成されないと、物体は不活性になり始めます。

下水排出管を含むパイプは水道管と同様に機能しますが、そこに含まれる[Sewage] は地面汚染の原因となります。[Waste Filters|Waste Filter Item] が発明された後は、下水排出物をフィルターにパイプで接続して、地面の汚染を軽減することができます。
88;パイプコンポーネントを使用すると、国民はオブジェクトのスモッグ排出量、水の使用量、下水の流れの状態を確認できます。
89;動力コンポーネントは、ローカル動力網のステータスを確認するために使用されます。 動作に燃料を必要とするオブジェクトの消費量をチェックするためにも使用されます。
90;燃料
91;
燃料を消費するオブジェクトはここに燃料を入力することができ、それぞれが動作するために異なる種類の燃料を必要とする場合があります。 受け入れられた燃料のツールチップには、オブジェクトの燃料として使用できる特定のアイテムのリストが含まれています。 燃料は[Storage Component] から追加することもできます。

動作中、オブジェクトはワット (W) 単位で毎秒燃料を消費します。 燃料の種類ごとに、ジュール (J) 単位で測定される異なる量の位置エネルギーが含まれています。 1 秒あたり 1 ワット必要な場合、1 ジュールのエネルギーが消費されます。 オブジェクトが非アクティブである間は燃料は消費されません。  
92;動力統計
93;
オブジェクトが使用できる[Power] には、電気と機械の 2 種類があります。 電力グリッドには、このオブジェクトに必要な電力の種類と利用可能性が表示されます。 要求される電力に見合った十分な電力供給がない場合、オブジェクトは非アクティブになります。

近くに電力を必要とする物体がない場合、燃料を消費する発電機は非作動になります。 燃料を節約するために電源をオン/オフする必要はありません。  
94;動力コンポーネントは、電力と燃料の需要と供給をチェックするために使用されます。
95;修理コンポーネントは、国民が[ToolBenchItem]でツールを修理することを可能にします。
96;
壊れたツールを挿入すると修理費が発生します。 高度なツールは、対応する [Specialty|Specialties] を持つ市民によって少ないリソースで修理できます。 使用されるリソースは、ユーザーが手動で追加することも、[Storage Component] 内のリンクされたコンテナーから取得することもできます。

ツールベンチの所有者は、他の市民が、[Credit Component] に設定された料金で自分のツールを修理するためのアクセスを許可できます。 ツールの修理を一般に提供する場合は、消費者の権利を[Authorization Component] で付与する必要があります。  
97;市民が道具を修理できるようにします。
98;
ステータス コンポーネントを使用すると、国民はオブジェクトがアクティブになるための要件と、それらの要件のどれが満たされているかを確認できます。 オブジェクトが [Pollution] を引き起こす場合、ステータス コンポーネントには、そのオブジェクトの生涯にわたって生成する汚染も表示されます。
99;オブジェクトのステータス
100;
オブジェクトがアクティブになる前に、ステータス コンポーネントの各条件が満たされる必要があります。 条件の例としては次のようなものがあります。

- 有効な [Room|Rooms] に含まれている

- 十分な[Power] を持っている

- 稼働中の[Sewage] システム
101;ステータス表示
102;
ステータス コンポーネントを使用してオブジェクトを操作するとき、国民は左上隅にあるステータス インジケータをチェックすることでオブジェクトのステータスをすぐに確認できます。 緑色の円はオブジェクトがアクティブであることを意味し、赤色の円はオブジェクトが非アクティブであることを意味します。
103;オブジェクトがアクティブか非アクティブか、およびその理由が表示されます。
104;倉庫コンポーネントは、ストレージコンテナのインベントリを管理し、ストレージを必要とするオブジェクトにコンテナをリンクするために使用されます。  
105;ストレージの管理
106;
インベントリは、アイテムのスタックをあるコンテナから別のコンテナにドラッグすることで、コンテナ間で移動できます。

「Shift」キーを押したままアイテムをドラッグすると、同じアイテムのすべてのスタックがコンテナ間で移動されます。 アイテムのスタックを右クリックすると、プレイヤーはスタックをより小さな数量に分割できます。 「Ctrl」を押したままアイテムのスタックをクリックすると、スタックが半分に分割されます。

[StockpileItem] などの一部のストレージ コンテナには、あらゆる種類のアイテムを含めることができます。 [StorageChestItem] などの他の保管コンテナには、持ち運びできないアイテムのみを含めることができます。  
107;ストレージコンテナのリンク
108;
コンテナのチェックボックスをオンにすることで、オブジェクトをストレージ コンポーネントのコンテナにリンクできます。 リンクされると、オブジェクトはコンテナ内のすべてのアイテムにアクセスできるようになり、コンテナをストレージとして使用できるようになります。 ストレージ コンテナをリンクする場合、ストレージ コンポーネントの最上位のコンテナが最初にストレージに使用されます。 リスト内のストレージ表示をクリックしてドラッグすることで、順序を変更できます。  
109;インベントリを管理し、ストレージを他のオブジェクトにリンクできるようにします。
110;隕石を止めるために必要な技術を開発するには、貿易で繁栄する経済が不可欠です。
111;銀行口座は、1人または複数の市民がアクセスできる[Currency] の貯蔵庫です。 各市民は恒久的な個人銀行口座を持って世界に入り、その中には無限の個人クレジットが含まれています。追加の銀行口座は[Bank|bank component] で付与し、アクセス権を調整することができます。

銀行口座は通貨を整理したり、複数の関係者が資金にアクセスできるようにしたり、税金の徴収を保管したり、アクセスできる人を指定したりするのに便利です。 政府は一般的に、税金の流入を管理し、資金が意図されたとおりに使用されることを保証するために、いくつかの銀行口座を設定します。 各銀行口座は、無制限の通貨を無制限に保有することができ、各通貨は個別に追跡されます。Eco での取引はすべて公開されているため、銀行口座をクリックすると、その口座への、または口座からのすべての取引が一覧表示された元帳が表示されます。

112;銀行口座は、さまざまな国民や政府機関がさまざまな用途に使用できる通貨の保管および分離として機能します。
113;
契約は、[Contract Board|contract board component] で作成される 2 人の国民間の合意です。 契約には任意の数の条項を含めることができ、実行される作業と支払われる報酬の組み合わせを指定できます。 これはクライアント国民によって投稿され、有効な国民であれば誰でも非同期に受け入れることができます。
114;契約例としては以下のようなものが挙げられます。
     - 指定した 2 点の間に道路を作成します。
     - 指定された金利と期日で二者間でお金を貸し付けます。
     - 特定の場所に指定された要件の部屋を構築します。
     - カスタム要件はテキストで説明され、完了時にクライアントによって承認/拒否されます。  
115;契約は 2 人の国民間の合意を維持します。
116;
クラフトは、材料、労働力、電力から新しい製品を作り出すことです。 また、環境汚染や悪影響をもたらす副産物を生み出すこともあります。 経済の基幹を形成し、周囲の生態系に由来する資源の需要だけでなく、個人の熟練労働力、[Power|Power Component] や[Sewage] のような共有サービスの需要を生み出すこともあります。

[Crafting Component] を持つテーブルは、リストで定義された製品を作ることができます。また、作業台は共有可能で、[Authorization Component] によって、誰が作業台を利用できるかの設定、さらにテーブルの[Credit Component] に料金を設定することで、テーブルを共有することで収入を得ることができます。

インプットとアウトプットは、クラフトテーブルから直接取るか、接続された[Storage Component] からやり取りすることができます。 材料や製品をストレージに置くと、国民は自動的に実行される大規模な注文をキューに入れることができます。

多くのレシピは特定の[Skill|skills overview] の労働力を必要とします。 国民は誰でもクラフトレシピを開始したり材料を提供したりできますが、必要なスキルを持つ国民だけが労働力を追加できます。 グループを形成し、多くの市民が支払いを分担しながら作業に貢献するため、[Work Parties] を作成することができます。  
117;クラフトとは、特定のテーブルで住民が製品を作成することです。
118;通貨は、価値を表すものとして、貿易を円滑にする手段です。その価値はすべて、どのように使われるかによって決まります。

Eco には、裏付けのある通貨と裏付けのない通貨の2種類があります。
  
裏付けのない通貨は、不換紙幣による通貨で、すべてのプレイヤーは、無限にある自分だけの通貨を持ってスタートします。これは、共通の通貨が指定されていないゲーム序盤では特に便利です。 しかし、これらの通貨は、その所有者がその価値を操作していないという多くの信頼を必要とします。

裏付け通貨はより安定しています。裏付け通貨は[Mint|Mint Component] で、通貨を支える材料をコインに変換して作られます。 より多くの通貨を作るには、指定された材料をより多く取得する必要があります。 これによって、世界に導入できる通貨の量が大幅に制限され、世界貿易の基盤が強化されます。 多くの場合、ワールドは個人通貨のコレクションから、ゲームの進捗を通じて経済が成長し、よりグローバルな貿易と協力が必要になるにつれて、1つまたは複数の裏付け通貨に移行することを選択します。
  
通貨は[Trade] だけでなく、エコノミー・ビューワーでも他者に譲渡することができます。 すべての通貨は[Bank Account|Bank Accounts] に保管されます。

119;通貨は取引を容易にする社会構造です。
120;多くの場合、経済は費やされるお金の量とは何の関係もなく、お金を使う際に使われる知恵と関係します。
     ヘンリーフォード  
121;経済は、[Government|Government Overview] の規制に基づく[Ecosystem|Ecosystem Overview] から得た、収穫、生産、および国民間の取引の行為で構成されます。汚染によって惑星を破壊することなく、隕石を阻止するのに十分な技術を進歩させるために、国民は経済の円滑な運営を確保する必要がある。  
122;経済の概念
123;
   - [Crafting]: 工業用ツールを使用して新しい製品を作成する
   - [Trade]: 異なる専門分野やリソースへのアクセスを持つ個人によって作成された商品の交換
   - [Transport]: リソースを場所から場所へ移動し、そのためのインフラを世界中に構築
   - [Research]: 社会の向上のために人類の知識を進歩させる
   - [Currency]: 経済活動を促進する、国民によって生み出される価値の表現
   - [Work Parties]:  組織化された労働団体が報酬を共有する
   - [Contracts]: 労働またはその他の取り決めに関する 2 人の国民の間の合意
   - [Bank Accounts]: 構成可能なアクセスを備えた通貨のコンテナ
   - [Finance]:  他の市民に資本を提供して彼らの進歩を助け、同時に自分自身も利益を得る  
124;経済は、国民によるすべての資源の使用、貿易、技術の進歩で構成されています。
125;[Contracts] を使用することで、Ecoの国民は2者間でローンおよび保証契約を作成し、利息の支払いと資金の期日を自動的に追跡できます。 ローンと債券は、新しい国民がより多くの富を持つ長年の国民と協力して、双方に利益をもたらし、社会の進歩を促進するための優れた方法です。

国民がローンを組む場合、提供者は利子を付けて支払うことが期待されるお金を国民に渡します。
国民が債券を購入する場合、利子を付けて返済されることを期待して資金を提供者に渡します。

ローン不履行に対するペナルティは、ローン/債券不履行トリガーを監視することで、[Laws] を使用して構築できます。 その後、財産の没収やその他の罰則や罰金の適用などの措置を講じることができます。

126;財政とは、進歩を促進するための通貨の管理です。
127;各プレイヤーは他のプレイヤーの評判に影響を与えることができ、その評判は法律、契約などの要素として使用され、国民の評判を調べ、その値に基づいて特権 (またはその剥奪) を決定することができます。 市民の評判を設定するには、チャット内でその名前の上にマウスを移動し、ツールヒントの評判リストをクリックします (すべての市民のリストは、[Current Citizens] ページで見つけることができます)。

128;評判はネットワーク乗数によって変更されます。これは、肯定的な評判を与える市民ごとに +1、否定的な評判を与える市民ごとに -1 として計算されます。 このようにして、少数の国民に狭く焦点を当てるよりも、多くの国民を助けて広範な評判を得る方が有益になります。 相対的評判は、肯定的な評判を与えた市民のみを考慮するもう 1 つの値です。

129;他の国民や法律によって設定された、あなたの社会的地位を表す値。
130;研究は新しい共有可能な知識を生み出し、新しいタイプの製品や能力をアンロックする。 研究は[ResearchTableItem] で行われ、そこでスキルブックを作成します。 一度作成されたスキルブックは、無制限にスキルスクロールを作成するために使用することができます。

各スキルスクロールは1回限り使用可能な消耗品で、使用した者は[Skills|skills overview] システムを通じて新しい[Specialty|specialties] をアンロックします。 新しいスキルのスクロールを獲得すると、市民は[Property Claim Papers|Property] の恩恵も受けることができ、スキルが上がるにつれてより多くの土地を請求できるようになる。

スキルブックの作成は最も困難なアイテムのひとつであり、国民は通常、作成に必要なさまざまな資源や労働力をすべて獲得するために協力する必要があります。 そのため、研究プロジェクトは特に[Work Parties] に適しています。市民は研究プロジェクトを利用して、作成に必要な作業と完成時の知識報酬を共有することができるからです。  
131;研究は新しい共有可能な知識を生み出し、新しいタイプの製品や能力をアンロックします。
132;Ecoでは、仲間との交易が不可欠です。各プレイヤーは、自分が最も効果的に貢献できる[Specialties] のセットを持っており、同時に、自分にはない職業に熟練している他の市民と交易を行います。

 - 取引は[Store Component] で設定することができ、希望するさまざまな商品の売買価格がリストアップされます。 国民はその場にいなくても非同期で商品を売買することができます。
 - 労働力の取引は[Contracts] と[Work Parties] で行うことができ、プレイヤーは合意された条件内で支払いのために仕事を行うことができます。 これも非同期で行うことができます。
 - 通貨の取引は[Currency Exchange|Exchange Component] で行うことができます。
 - 貿易は[Transport] によって促進され、あなたの文明の急成長する拠点間に輸送インフラを構築することは、貿易能力を大きく促進します。
 - 貿易には政府[government overview] が設定する[Taxes] がかかり、特定の貿易の価値を促進したり、低下させたりすることができます。

133;さまざまな能力とさまざまな商品を所有する国民間の貿易は、経済の根幹です。
134;資源は世界中に散らばっており、採取・加工される場所と使用される場所が異なるため、輸送はEcoで成功するための重要な要素となります。

効率よく資材を運搬するには、資材を運ぶための乗り物を作る必要があり、そのためには地面を平らにして道路を作る必要があります。 [StoneRoadToolItem] を使えば地面を平らにして乗り物に使えるようにすることができ、スロープを使えば乗り物が走行できる緩やかな坂道を作ることができます。 より高度な乗り物を効率よく走らせるには、より高度な道路が必要になり、道路は新しい技術が利用できるようになるとともに、定期的にアップグレードする必要があります。

村と資源の保管場所を結ぶ道路の建設には、時間と多くの市民の労力が必要であり、[Taxes] を財源とし[Work Parties] を使って建設される公共事業の候補となります。 世界の技術が進歩するにつれて、商業の流れを助けるために、ますます多くの交通インフラが作られるようになり、最終的には道路建設や車の使用が環境に影響を与えるところまで成長します。 この影響を注意深く管理することが、生態系を保護する鍵になるでしょう。

135;資源とその利用先が世界中に分散しているため、輸送インフラの構築による世界の変革が必要になっています。
136;協働依頼は、複数の国民が仕事を行うための合意です。協働依頼は、個々の市民が[Contract Board|Contract Board Component] にアクセスし、依頼書を作成した後に開始します。

協働依頼を発行する国民は、以下のような作業のさまざまな設定を定義できます：
 - 完了すべき作業指示
 - 参加したい市民に求められること。
 - 参加した人にどのような支払いをするか。
 - その支払いはどのように分配されるか。

協働依頼は特に[Research] を行うのに便利です。国民は、大量のリソースを消費する研究プロジェクトを立ち上げ、それに協働依頼を割り当てることができます。市民は、（発行元の市民がオフラインであっても、指定された要件を満たしていれば）自動的に協働依頼に参加し、タスクの実行を開始することができます。

支払いにはさまざまな形態があります：
- [Currency]: 即座、または完了時に、どれだけ仕事を行ったかに応じて分配される。
- [Reputation]: 作業依頼の作成者から労働者に与えられる（1日に与えられる評判には上限がある）。
- 特定の専門に関する知識（スキル・スクロールを読むのと同じ効果）: この恩恵を受けるには、作業依頼作成者がその専門分野の技能書を所持しているか、パーティの作業命令の1つにクラフトされていなければならない。
- [Title] の付与: 財産やその他の能力にアクセスするための新たな特権を与えることができます。

Ecoの経済は物の取引だけでなく労働力の取引にも重点を置いており、協働依頼を利用することで、多くの種類の仕事を一般民衆に簡単に依頼することができます。  
137;協働依頼は、特定のタスクを実行するための多数のプレイヤーによる共同協定であり、報酬はさまざまな方法で分配されます。
138;人類が生き残るために使用しなければならない資源を提供する、世界の生きた生物群系。
139;
惑星上の生物の多様性と豊かさは、バイオームと呼ばれる地域に大別できる。Ecoにおけるバイオームとは、降水量と気温が特定の範囲にある世界の地域のことである。このような物理的な違いをシミュレートすることで、微生物、植物、菌類、動物の異なる種が、異なるバイオームで生き残り、繁栄することができるのです。Ecoの各バイオームには固有の資源があり、プレイヤーはそれを発見し、採取して、自分たちの社会を構築し、燃料を供給することができます。各バイオーム内の生物群集は、通常、生息地、食事、土壌に関連した相互依存関係にあり、これらは、気候や地球資源の存在によって発生します。
  
バイオームは地球生態系の中の生態系であり、バイオーム内には、高地砂漠、高草原草原、ツンドラの氷河、海洋海岸など、さらなる区分や「サブバイオーム」が存在することもある。バイオームとサブバイオームは連続した単位であり、その多くは、隣接するバイオームやその中に存在できるバイオームについて制限を持っている。時間の経過とともに、プレイヤーの影響によって条件が変化すると、バイオームは根本的に形を変える可能性がある。

気候変動によってバイオーム（生物群）の境界が変わり、コミュニティが移動する可能性がある。建設、農業、採鉱、伐採などの活動による土壌の直接的な移動、その他の生息地の破壊も、バイオマス内の種に程度の差こそあれ影響を与えるだろう。動植物の種は特定のバイオームを好むだけでなく、サブバイオームの特定の部分を好むかもしれない。回復力があり適応力のある種は、バイオームの境界が変更されても、その境界を越えて繁栄することができるだろうが、同じ種が新たに導入されたバイオームでは、より敏感な動植物にとって脅威となるかもしれない。 
140;Ecoのバイオーム:
141;海洋 : 大陸棚にある海洋の一部で、生物が豊富に生息している。
深海 : 最大の海洋生物や回遊魚が生息する深海部分。
寒冷な海岸 : 寒冷地のビーチや浅瀬。
温暖な海岸 : 暖かい気候の海岸と浅瀬。
湿地 : 淡水または汽水で土壌が飽和していることを特徴とするユニークなバイオーム。
草原 : 草を生やすのに十分な水はあるが、樹木があまり生えていないバイオーム。
砂漠： 最も乾燥したバイオームで、エコでは現在最も暑い。
寒冷林 : 密生した樹木を支えるのに十分な湿度があり、針葉樹が優勢になりがちな寒冷なバイオーム。
温暖林 : 密生した樹木を支えるほど湿潤で、広葉樹が優占するほど温暖なバイオーム。
熱帯雨林 : 湿潤で温暖なバイオームで、動植物が多く生息する森林を支える。
タイガ : 寒冷でやや乾燥したバイオームで、針葉樹の疎林を支える。
ツンドラ : 非常に寒冷なバイオームで、樹木は生息できないが、ユニークな動植物群落が存在する。
氷原 ： 氷河期の氷に覆われた最も寒い地域。

Ecoには現在、いくつかのサブバイオームもある：

隆起砂漠: 地質学的に隆起した砂漠の一部で、寒さに強く、浸食によってできた険しい崖を好む種が生息している。
寒冷草原: やや寒冷な草原で、樹木がさらに少なく、広い空き地が多いのが特徴。
  
142;人間が生きていくための手段を提供する動植物の生命システム。
143;グラフ
144;
Ecoのワールドは、ゲーム内のあらゆるアクションを保存し、シミュレーションのあらゆる側面の進行をモニターします。データは、いくつかの主要カテゴリー、特に生態系と経済に保存されます。プレーヤーが行動を起こしたり、生態系が変化したりすると、それら国民の目に見えるグラフに表されます。

グラフは、さまざまな指標の状態を比較したり、時系列で見たりするのに最も便利である。そのため、法律や規制が施行された後にどのように変化したかを調べることで、法律や規制の結果を遡及的に判断するのに特に有用である。 また、将来の影響を推定し、物事が変化する速度（例えば、森林伐採の結果、人口が減少する）を予測し、変化が起こる前に変更を加えるのにも有用である。グラフを読み、構成し、理解することは、政府にとって非常に強力なツールであり、国民には、議論を支持または反論するグラフを作成し、市民的行動のための議論の場で直接仲間に提示するツールが与えられている。

145;ヒートマップ
146;
Ecoの世界は変化に富んだ場所であり、さまざまなバイオームが存在し、人間による開発や環境への影響が見られる場所があります。世界のさまざまな場所がどのように変化するかを見るために、ゲーム内のすべてのさまざまな世界効果についてヒートマップが用意されています。 国民活動、人口率、汚染率、気温、湿度など、さまざまな数値をヒートマップで見ることができ、経時変化を記録して再生したり、科学的な議論に利用したりすることができます。

プレイヤーは2つの方法でこれらを見ることができます：1つはゲーム内のミニマップを通して、2つ目は、ウェブブラウザで閲覧する方法で、時間経過とともに再生される機能が利用されます。各ヒートマップのスナップショットは10分ごとにサーバーデータに保存され（設定可能）、国民はヒートマップが時間とともにどのように変化していくかを時間経過で見ることができる。 これは、特定の場所における影響を測定し、インフラやニュース、居住地を建設するための最適なルートを決定するために不可欠となります。

147;ミニマップ
148;
ミニマップは、ナビゲーション、プランニング、データ表示、物件検索など、ゲーム内で多くの役割を果たす強力なツールです。ゲームの様々なワールドレイヤー（ヒートマップ）を表示することができ、人口、汚染、国民活動などが高い／低い地域を色のグラデーションで強調表示します。 ワールドマーカーは、手動で追加することも、全市民を対象にグローバルに追加することもできます。これらのマーカーは、国民を自動的に動的な作業に誘導するためにも使用され、契約で道路を建設すべき場所、輸送のために物資を配送すべき場所などを指定できます。

現在、私たちはゲーム内での土地や地区の指定、作業依頼や契約のための特定の土地エリアの指定を追加することに取り組んでいます。例えば、国民はゲーム内で、畑を耕したり、道路を建設したりするために他の人を雇いたいエリアを強調表示することができます。これにより、労働市場の機能が大幅に開放され、国民が仕事を依頼する場所を指定する際に、より簡単、かつ具体的に指定できるようになります。

149;人間が生きていくための手段を提供する動植物の生命システム。
150;人生の本当の意味は、木陰に座ることを期待しない木を植えることです。\n– ネルソン ヘンダーソン
151;

Ecoでは、生態系はそれ自体が目的であり、その継続的繁栄が、経済的進歩とともにゲームの主要な目標です。つまり、生態系は勝利状態からスタートし、プレイヤーは、人類滅亡を意味する敗北状態に陥らせることなく、その資源を利用しなければなりません。

Ecoの生態系は、プレイヤーがゲームに参加しているかどうかに関係なく、サーバーが稼動している限りアクティブ、継続的なシミュレーションで実行されます。シミュレートされた植物や動物はそれぞれ成長し、食料源を消費し、繁殖します。それは、プレイヤーが社会を構築するための唯一の材料源であり、それらを採取する過程が大きく影響します。森林を伐採すれば生物の生息地が破壊され、絶滅に追い込まれるかもしれない。鉱山が近くの川や湖を汚染し、それに依存している農場を汚染するかもしれません。プレイヤーがEcoで取る行動は環境に影響を及ぼし、プレイヤーは繁栄し、隕石を阻止するために、自分が及ぼしている影響を理解する必要があります。生態系を手付かずの自然のままにしておくという選択肢はない。隕石は、その選択が生態系の破壊にもつながることを保証する。生態系を守るために、国民は生態系から何かを奪い、隕石を止める力を持ちながら、その過程で生態系を破壊しない自制心を持つ社会を築かなければならない。

152;ゲームプレイ
153;生態系は、国民が理解し、対処しなければならない基本的なシステムです。 大規模な [Farms|Farming] や [Mines|Mining] の成長から、研究による [Pollution] の影響の理解まで、生態系に対する住民の影響がプレイヤーの意思決定の成否を左右します。 ゲーム内の [Data] を使用してそれがどのように機能するかを理解することが、生き残るための重要な要件になります。[Economy|Economy Overview] や[Government|Government Overview] とは異なり、生態系は国民の構成要素ではありません。その動作は絶対的なものであり、生態系の機能については、経済のように法定によって変更することはできません。 この意味で、それは現実のチェックであり、国民の相反する偏見や信念が衝突し、真の結果を明らかにする場所です。
154;経済と政府の間
155;国民が社会を進歩させるにつれて、「コモンズの悲劇」に注意しなければなりません。 国民に共通の資源への自由なアクセスを与えると、しばしばその資源が破壊されるということです。 これを防ぐには、国民が団結し、個人を制限しながら集団の存続を可能にする法律やその他の市民規制を通じて共通善のためのルールを決定する必要があります。 この対立、個人対集団が、文明を構築するという課題の中心を形成します。  
156;人間が生きていくための手段を提供する動植物の生命システム。
157;
農業は、人間にとって最も有用な植物種を採取し、世界規模の食糧供給を実現する方法を提供します。農業はまた、再生可能なエネルギー源となりうるバイオ燃料のような、他の産業目的に有用な植物に焦点を当てることもできます。

農家は、枯渇や汚染を避け、土壌の資源と健康に注意を払う必要があります。[CompostFertilizerItem] のような肥料や、[SoilSamplerItem] のような土壌資源をモニタリングする方法は、農地の生産性を維持するための重要なツールとなるでしょう。様々な乗り物、貯蔵技術、より強力な道具により、プレイヤーは社会の食料と燃料の必要量の増加に合わせて農業経営を拡大することができます。

農業はEcoにおける大きな活動であり、開発を進めるにつれて強化・拡大していきたいと考えています。Ecoの社会が技術的成長を促進するために農民から適切な需要を生み出し、その需要をサポートする、倉庫オブジェクトとメカニクスが存在するようにするためです。農業自体には、より生産性の高い、あるいは汚染物質やその他の環境要因に耐性のある種子や生物の開発・改良など、さまざまな改良・拡張の可能性があります。  
158;土壌
159;
Ecoの土壌には、植物が成長し、生育するための栄養素が含まれています。特定の種類の栄養素が多すぎても少なすぎても、自然に発生する植物と農作物の収穫量や成長速度が変わってしまいます。植物は成長するにつれて土壌から養分を摂取し、死ぬとそれを還元して、世界を自然な平衡状態にします。プレイヤーは、採集、伐採、採掘、汚染などを通じて、環境から植物を除去することで、これらの変化に影響を与えます。プレイヤーは、自分の土地に肥料を使用することで、栄養分を還元したり、既存の比率を変更したりすることができます。

動物たちの植物層への依存度を高めれば、植物を消費する種が土壌から栄養分を除去することもできるため、生態系の一部が土壌にさらに影響を与えるようになります。現在のところ、表土はその地域のバイオームに結びついた、純粋に見た目だけのものですが、それぞれのバイオームにおいて、表土はその下にある緻密な粘土や土に比べ、ユニークで貴重な資源です。

160;人間が生きていくための手段を提供する動植物の生命システム。
161;
あなたの下の地面には、岩石、金属、その他の鉱床など、多種多様な資源が存在します。 さまざまな種類の岩石にはさまざまな種類の鉱物鉱床が存在し、石油などの他の資源を捕捉するのに役立ちます。 実際の地球資源は非常に複雑であり、Eco ではまずプレイヤーに予測可能なバランスの原材料を提供する必要があるため、岩石とその堆積物はバイオームに基づいて生成されます。 各バイオームには、その下に層状に広がる一連の関連する岩石と堆積物が付属しています。

162;自力での採掘
163;
鉱石を採掘するには、まず鉱石を見つける必要があります。 Eco の鉱石はそれぞれ特定の母岩に関連付けされているため、どの岩に必要な鉱石の種類があるかを調べてから、その種類の岩の近くを掘ることから始めるのが良い方法です。 [WoodenShovelItem] 以上のツールを使用して、地表から土を掘り起こすか、丘の側面から掘り始めます。 通り抜けたい岩にぶつかったら、[StonePickaxeItem] のようなツルハシを使用して岩を壊す必要があります。 つるはしで岩を砕くと、大きな岩片が砕けてしまい、拾い上げるのに十分な大きさの断片に砕くためにもう一度叩く必要がある場合があります。 砕いた岩石を拾い上げ、他の場所、できれば [StockpileItem] や、[WoodCartItem] などの鉱石の輸送に使用している車両に積んで使用することをお勧めします。

164;鉱物加工
165;
金属鉱石を大量に集めたら、それを使って金属製品を作る前に鉱石を加工する必要がります。これは泥臭く大変なプロセスであり、その最適化と副産物の適切な処理は継続的な検討事項となる。鉱物処理の主な3つのステップは: 

粉砕： 粉砕とは、岩石をさらに処理できるような小さな粒子に砕くことでです。このプロセスの主な副産物は、鉱石が埋蔵されている種類の岩石を砕いたものです。
濃縮： 濃縮は、鉱石中の目的の金属を廃岩から分離する方法です。このプロセスは決して完璧ではなく、必然的に、遊離した金属の痕跡をまだ含む廃岩が大量に産出されます。この重金属の痕跡を含む廃石は、[TailingsItem] と呼ばれます。[CopperOreItem] と[GoldOreItem] は、母岩から分離するために化学的浸出と湿式処理を必要とするため、濃縮過程でより汚染された揮発性の[WetTailingsItem] が生成されてしまいます。 
製錬： 貴重な鉱石を濃縮したら、最後に[BloomeryItem] で[IronBarItem] のような金属製品に製錬するか、より高度な製錬技術を使用します。

166;人間が生きていくための手段を提供する動植物の生命システム。
167;
国民が調理や発電のために燃料を燃やし、金属を精錬し、下水を処理し、その他数え切れないほどの必要な産業活動に従事するとき、共通の副産物として汚染が発生します。汚染とは、環境に戻されたときに汚染物質や毒物として作用するあらゆる物質のことです。Ecoには多くの汚染源と数種類の汚染があり、その中には他よりも強力なものもある。重金属は土壌を汚染し、利用可能な栄養分や、その上や中に生息する動植物の健康に影響を与える可能性があります。水は汚染物質を急速に拡散させ、その影響を拡大させます。大気汚染は、ストーブや発電所から有形、無形で排出され、温室効果ガスを増やし、大気の質に影響を与えるだけでなく、酸性雨として地中に降り注ぐこともあります。

168;土壌汚染
169;
土壌や地下水面に一旦放出されると、土壌汚染物質を止めたり除去したりするのは容易ではありません。 Eco のさまざまな物質は地面汚染の原因となっており、最も顕著なのは、採掘からの尾鉱や、クラフトやその他のプレイヤーの活動から出るゴミです。 汚染物質の発生源が残っているか増加すると、汚染は時間の経過とともに濃度が増加する勾配として広がります。 汚染物質の発生源が地面との接触から除去されると、土壌の汚染とその拡大は、時間の経過とともに消失します。

170;大気汚染
171;
プレイヤーの活動の多くは有害な排出物を生成する可能性があり、大気中に放出されると大気汚染となります。 CO2 を排出するオブジェクトを作成したり、それらを使って発電機を稼働させたりすると、地域および世界規模の汚染レベルにつながります。 長期にわたって、世界の CO2 レベルは地球温暖化の影響を及ぼし、ひいては海面に影響を及ぼします。 森林などには、CO2 などの一部の汚染物質の自然の吸収源と吸収源があります。

大気汚染の濃度は酸性雨として地上に降り注ぎますが、これを大気汚染と局地的な降雨量を用いてシミュレーションします。

172;水質汚染
173;
水は汚染がより速く、より遠くまで広がり、下流に流れ込み、湖や海で花開く媒体です。 水中の汚染は通常、近くの地面の汚染源から発生しますが、大気汚染が多い地域では酸性雨のメカニズムを介して水中に侵入する可能性もあります。

現時点で水質汚染を止める唯一の方法は発生源の除去ですが、将来的には浄化と修復戦略を検討しています。

174;封じ込め
175;
多くの場合、汚染物質に対処するための完璧な解決策はありません。 さまざまな汚染物質を保管するためのスペースを確保し、汚染物質が周囲の環境に再侵入しないように保管する必要があります。 これは、Ecoにおける産業の環境管理の鍵となるべき課題です。 現在、尾鉱の整備には地下深くに保管する必要があります。 これはさらなる開発によって改善されるでしょう。

封じ込めの仕組みは、Eco の機能の汚染グループに関連して改善したい機能の最前線です。 プレイヤーは封じ込めを利用して、社会が生み出す膨大な量の尾鉱やゴミに対処する必要があります。

176;人間が生きていくための手段を提供する動植物の生命システム。
177;憲法条文は政府でどのように物事が起こるかを定義するもので、誰が法律を成立させることができるか、誰が税金を設定できるか、誰が規則を変更できるか、などを示したものです。 また、その中に[Election Process|Election Processes] を指定することで、選挙が必要な特定の行動を定義することもできます。 

憲法条文は2つの場所で追加できます。 [CapitolItem] には3つまで、[AmendmentsItem] には1項目につき10個まで追加できます。

政府のルールを定義することは、安定した社会を支える構造を維持するために非常に重要です。 政府は法律によって世界に対して大きな権力を付与することができますが、この権力が乱用される危険性があります。 チェック・アンド・バランスのシステムを設定することによって、国民は、世界に前向きな変化をもたらす力を維持しながら、指導者の交代を含む多くの変化を受けられる政府を設計することができます。

178;政府の仕組みに関する一連の規則。
179;憲法は、社会がどのように統治されるかを定義する設立文書です。 憲法は他の政府が反対する前に制定されなければなりません。 これらは [Capitol|CapitolItem] で作成されます。
 
政府の打倒
国会議事堂が設置されたら、国会議事堂を開いて「批准」をクリックすることで憲法を批准できます。 他に憲法がない限り、政府は直ちに樹立されます。
 
すでにアクティブな憲法がある場合、サーバー設定に応じて、その部屋の住宅価値が既存の憲法を大幅に超えている場合にのみ、新しい憲法がそれに代わることができます。
 
注: Eco の今後のアップデートでは、複数の政府の同時並行が可能になります。
180;政府の設立文書。
181;
人口統計は政府によって作成された国民の階級です。 これらは、国民を指定できる場所 (権限、法律など) で使用できます。

たとえば、国民は人口統計「木こり」を定義できます。これには、伐採スキル レベル 3 以上のユーザーのみが含まれます。 そうすれば、「木こり」だけが原生木を伐採できる法律に利用できる可能性があります。

人口統計は [Census Bureau|CensusBureauItem] で定義されます。

人口統計に基づいて賃金を設定することもできます。 国民がその人口構成内に留まる限り、賃金は定期的に支払われます。

182;いくつかの基準に一致する一連の国民を定義します。
183;地区はプレイヤーによって [ZoningOfficeItem] で作成され、法律で指定されたエリアとして使用できます。

地区とは、プレイヤーが自由に調整できる、隣接していない選択された土地のエリアです。 地区は地区マップに含まれており、世界には複数の地区マップが存在する可能性があります。 ただし、各地区マップ内では、地区が重複することはできません。

地区を使用して、法律で行為が許可される場所を指定できます。 たとえば、「保護区」地区に伐採木を設置することを禁止する法律を制定することができます。

184;法律やその他の制度によって参照できる、土地の定義された区域。
185;選出された肩書きは、政府の政策を管理する権限を割り当てられる政府高官です。これらの役職は、市民を指定できる場所（権限、法律など）であればどこでも使用できます。

選出された肩書きは [GovernmentOfficeItem] で作成されます。選出された肩書きを定義する際には、いくつかの条件を設定することができます：

  - 肩書き保有者の任期制限に基づく[Election Process|Election Processes]
  - 選出された肩書きを同時に保持できる国民の数
  - 肩書きを保持するための条件
  - 保有者が解任された場合にその地位を引き継ぐ後継者

選出された肩書きを作成する際に、以下の権限を割り当てることができます：

  - [TreasuryItem] での税率の設定
  - 財務省の銀行口座の資金を使用するためのアクセス権
  - 個人の富の計算が免除される、政府銀行口座を作成するための政府銀行権限
  - グローバルマップマーカーを設置し、国民に注目ポイントを通知する機能

選出された肩書きには、その肩書きを持つ国民に定期的に支払われる賃金を割り当てることができます。  
186;選出された肩書きは、政府の政策を管理する権限を割り当てることができる政府職員です。
187;国民は [BoardOfElectionsItem] で新しいタイプの選挙を定義でき、そこで作成された各選挙プロセスは政府や指導者に対するさまざまな変更に使用できます。

[Civic Articles] は、選挙を必要とするアクションを指定するために選挙プロセスを参照できます。 [GovernmentOfficeItem] で作成された [Elected Titles] は、新しいメンバーが選出される選挙プロセスを指定する必要があります。

各選挙プロセスでは、さまざまな有権者、拒否権者、タイミング、勝利に必要な割合などを定義できます。さまざまなタイプの選挙を使用して、国民はさまざまな権力の座をもつように政府を設計できます。 たとえば、一般の人々によって選出される必要があるが、一般の人々によって弾劾されることもできる強力な称号を定義できます。

188;選挙がどのように行われるかを定義します。
189;選挙には2つの形態があります：
  
    - 役人の選挙: 市民に特定の権限を与える[Elected Titles] の選挙。
    - 住民投票: 特定の市民活動を行うべきかどうかを決定する、イエスかノーかの投票。

選挙は[BallotBoxItem] で開始され、そこで市民は多くの市政活動を行うことができます。 どのような[Civic Articles] が利用可能かによって、これらのアクションは選挙を必要とする場合としない場合があります。

選挙はその[Election Process|Election Processes] によって決定されるいくつかの設定を持つことができます。これは誰が投票できるか、誰が拒否権を行使できるか、選挙がいつまで続くか、当選するために必要なパーセンテージは何％か、などを示すものです。 異なる目的のために複数のタイプの選挙を作成することができます。例えば、代議制の政府を作り、選挙で選ばれた役人だけが投票できる選挙もあれば、ほとんどの市民が代表者の選挙だけに投票する選挙もあります。  
190;立場や住民投票を決定するために市民グループに設定される世論調査。
191;執行アクションは、特定の国民グループまたはすべての国民に一度に影響を与えることができる 1 回限りのアクションです。
  
執行アクションは、[Civic Action Component] を使用して [ExecutiveOfficeItem] で提案できます。 これらのアクションには、主に次の 3 つの効果があります。
  
  - 1 回限りの[Tax|Taxes] を発行します
  - [TreasuryItem] から国民に支払いを提供します
  - 既存のプロパティの[Property] 所有者を変更します

利用可能な [Civic Articles] に応じて、これらの行為には選挙が必要な場合とそうでない場合があります。 一部の市政解説には、[Elected Titles] のみが執行アクションを実行できると記載されています。  
192;税金や財産などに影響を与える公務員によって行われる行為。
193;政府への参加を拒否した賢者が受ける罰は、より悪い人々の政府の下で生きることです。\n- プラトン
194;生態系と経済の間には政府があり、両方の存続と繁栄を確保するために国民によって運営されています。  
195;
政府は国民によって少しずつ作られ、国民の力とともに自らの力と能力を高めていきます。 政府の各部門は次のとおりです。  
196;[Constitution]
政府の他の側面を作成する前に、[CapitolItem] で憲法を作成する必要があります。 民事条項を通じて政府がどのように運営されるかを決定します。

197;[Civic Articles]
憲法には、政府がどのように機能するか、つまり誰が何をどのように行うことができるかを定義する民事条項が含まれています。 これらは、新しい憲法の [CapitolItem] で作成することも、[AmendmentsItem] テーブルで既存の憲法に追加することもできます。

198;[Laws]
法律は、すべての国民が従うことを強制されるルールとプロセスを決定します。 [CourtItem] には最大 3 つの法律を含めることができます。

199;[Elections]
憲法で定められているように、必要な変更を加えると、選挙は自動的に開始されます。 それらは多くの影響を与える可能性があります（法律の変更、指導者の選出、行政行動の実行）。

200;[Election Processes]
選挙プロセスは、誰が投票および拒否権を行使できるか、期間はどれくらいか、必要な過半数は何かなど、選挙の仕組みを決定します。[BoardOfElectionsItem] には最大 3 つの選挙プロセスを含めることができます。

201;[Elected Titles]
選出された肩書きは、特別な特権を与えることができる政府の役職です。 [GovernmentOfficeItem] は、選出された肩書きを1つ保持できます。

202;[Demographics]
人口統計は、特定のルールに従って人々のグループを定義します。 このグループは、政府の他の側面でも使用できます。 [CensusBureauItem] には最大 3 つの人口統計を保持できます。

203;[Districts]
法律やその他の場所で参照できる土地の面積を定義します。 [ZoningOfficeItem] には、最大 3 つの地区マップを保持できます。

204;[Executive Actions]
執行アクションは、社会に変化をもたらすために実行できる 1 回限りの操作です。 これらは、憲法から権限を与えられたユーザー (通常は選出された肩書き) によって、[ExecutiveOfficeItem] で実行されます。

205;
[Ballot Boxes|Civic Action Component]
   投票箱を使用すると、選挙および就任に関連する操作を実行できます。

206;
[Treasury|Treasury Component]
   経済のさまざまな部分に対する税金を決定します。

207;共通善を促進するために人々によって設計され、運営される機関。
209;法律は、政府が国民の目標を達成するために世界に変化をもたらす手段です。

法律は [CourtItem] を配置することによって作成され、利用可能な [Civic Articles] によっては、可決するために選挙が必要になる場合があります。 それぞれの法律は原因と結果をリスト化して作られており、原因が起こると結果が発動します。 これにより、法律の運用方法に大きな柔軟性が与えられ、課税から規制、そして活動を奨励する資金の支払いに至るまで、多くの分野をカバーできるようになります。 

多くの「原因」の選択肢は、それを引き起こした市民、どこで引き起こされたかなどに関するコンテキストを提供します。これらの「コンテキスト」プロパティは原因ツールチップに表示され、「効果」でデータを指定するために使用できます。 たとえば、効果により、木を切り倒した特定のプレイヤーに課税される場合があります。  
210;社会目標を達成するために、国民によって設計され、自動的に施行される因果関係のルール。
211;国民のため、あるいは少なくとも政府が潤うために、Ecoでは多くの行為に対して税金が課されることがあります。

財務省の税金
[TreasuryItem] では、様々なアクションに税金を設定することができます：
 - 売上税: 販売店での商品の販売に適用される税金。
 - 工芸品税: 作業台をシェアする際に発生する手数料にかかる税金。
 - 契約税: 契約や作業依頼を通じて支払われる料金にかかる税金。
 - 接譲渡税: プレイヤー間の譲渡にかかる税金。
 - 自己直接譲渡税: 自分がアクセスできる口座に送金する際に課税される税金（オプションで租税回避の抜け穴から保護される）。

これらの税率を調整できるのは、「財務省で税金を設定する」権利を付与された[Elected Title|Elected Titles] を持つ市民だけです。 これらの設定から取られた税金はすべて、特別な「財務省」の銀行口座に保管され、 この特別な銀行口座から、国庫に対するコマンドによって他の銀行口座に振り分けることができる。

税金
税金は[Laws] によって設定することもでき、その金額や納付先を動的に決定することができます。銀行口座も決められるので、限られた人だけがアクセスできる銀行口座に、特定の目的のために特定の資金を蓄えることができます。 法律システムを使うことで、これらの税金は非常に具体的に目標を絞り、起こっている行動に基づいて調整することができる。

例えば、「運輸大臣」という選挙役職を設け、運輸基金 [Bank Account|Bank Accounts] に単独でアクセスできるようにする。 そして、燃料の生産と取引に課税する法律を制定し、その税収を運輸基金に入れ、現在選出されている運輸大臣が新しい道路建設[Work Parties] の資金として使うことができる。

212;税金は、経済活動を奨励したり阻害したりするだけでなく、公共事業プロジェクトに資金を提供するために経済から徴収されることもあります。
213;肩書きはユーザーのグループを指定するために使用され、権限などの他の項目でそのグループを参照します。 これらは、肩書きが国民によって直接指定されるのに対し、人口統計内の国民は国民が定義した条件に基づいて自動的に定義されるという点で [Demographics] とは異なります。

利用可能な肩書きには次の 2 種類があります。

  - 通常の肩書き。 これらは、[RegistrarItem] で誰でも作成および管理できます。 そこで国民は、他のどの国民が役割 (管理者) を割り当てることができるか、また誰がその役割を担うかを設定できます。
  - 選出された肩書き。 これらの役職は選出 (または任命) のみ可能であり、[GovernmentOfficeItem] で作成されます。 政府機関の特性により、特定の役職を選出するためにどのような種類の [Election] が必要かが決まります。 選出された役職は、役職から強制的に解任された場合、辞任した場合（両方とも [BallotBoxItem] で行われた場合、または役職の任期制限で定義されている任期が終了した場合）にのみ残されます。

選出された肩書きにより、世界の統治を定義する際に大きな柔軟性が得られ、特権をこれらのアカウントに直接結び付けることができます。 たとえば、車両の使用に課税し、それを選挙で選ばれた称号である「運輸大臣」のみがアクセスできる基金に預ける税法を制定することができます。 その役職をめぐって再度選挙が行われ、指導者が交代した場合、元国民は自動的に口座にアクセスできなくなります。

選出された肩書きに要件を設定することで、公職に就いている国民による継続的な良好な統治を確保できます。 たとえば、特定のオフィスのすべての占有者がそのオフィスを保持できる「アクティブ」人口統計の一部であるという要件を設定できます。 役職者が職務を停止した場合、その人物は自動的に役職から解任され、指定された後継者がその役職に就きます。

肩書きには賃金を設定することもできます。 賃金は、国民がその権利を所有し続ける限り（そして支払者に資金がある限り）定期的に支払われます。  
214;1人以上の国民を指定することができる役職。許可の指定や賃金の支払いに使用されます。
215;国民は適切なシェルターがなければ成長できず、[Nutrition] と合わせてハウジングの値があなたの[Experience] 倍率を決定します。 家の素材や家具が良いほど、経験値の倍率は高くなります。 

また、多くのオブジェクトを操作するには、ハウスとユーティリティが必要です。ハウジングシステムは以下のパーツで構成されています：
 - [Residency]: 他の人と共有することができます。
 - [Rooms]: 部屋は完全に密閉された空間であり、多くのオブジェクトは部屋の中に入れないと機能しません。
 - [Property]: 市民は個々の土地の区画を要求することができ、その区画へのアクセスを管理することができます。
 - [Power]: 多くのアイテムは動作するために電源を必要とし、発電された電力は多くの市民で共有することができます。
 - [Sewage] 特定のアイテムには、パイプ、ポンプ、廃水処理などの下水システムが必要です。

216;住居（食事とともに）がスキルの向上を左右します。
217;多くのオブジェクトには動力が必要であり、社会が発展するにつれて、パワーの種類も増えていく。

初期段階では、ほとんどの動力は国民が消費するカロリーから得られる。 また、[Waterwheels|Waterwheel Item] のような原動力も建設でき、すぐ近くだけに動力を供給することができます。 技術が電気に進歩すれば、電力を集中的に発電することができるようになり、個々に発電源を設置するのではなく、グループを結成してグループとして町や都市に電力を供給することができるようになります（このようなコミュニティ・プロジェクトは、[Taxes] システムを使って資金を調達し、[Contracts] や[Work Parties] を使って建設を進めるのに適しています）。
  
多くの種類の動力生成が存在し、それぞれに必要な燃料や環境への影響が異なります。 動力源の建設、燃料供給、運用は、技術が進歩するにつれて主要な[Pollution] 源になる可能性があり、国民は生態系の崩壊を防ぐために、使用する動力の種類と公害の処理方法を注意深く観察する必要がある。  
218;多くの物体が機能するには動力が必要ですが、動力はさまざまな方法で生成できます。
219;
所有権を主張することで、国民は土地へのアクセスを保護し、誰がその土地へのアクセスを許可され、その土地に含まれる物品に対して何を行うことが許可されるかを決定することができます。  
220;土地の所有権
221;
[Land Claim Stake|Property Tool Item] を使用し、未所有の土地を対象とすることで、土地を財産として要求できます。 ターゲットにされると、[Land Claim Paper|Property Claim Item] が消費され、国民が権利書の所有者になります。 現在位置の物件は画面右下のワールドパネルに表示されており、タイトルをクリックすると証書が開きます。
222;物品の所有権
223;オブジェクトは、そのアクセス権をその存在する土地とは別に設定して、消費者が私有地にあるオブジェクトにアクセスできるようにすることができます。 これらの設定は、[Authorization Component] で決定されます。

224;権利書
225;権利書では、市民は土地にアクセスできる当事者（ブロックを設置または削除）を追加および削除できます。 所有者名の横にある歯車をクリックして所有者を変更することもできます。 [Demographics] と [Titles] の両方に、[Elected Titles] を含む証書に対する所有権を与えることができることに注意してください。 このように政府を構築すると、選出された役人のみに土地への一定のアクセス権を与えることができる。
226;国民と政府は財産を所有し、そのアクセス権を決定することができます。
227;部屋は、外界への穴がすべて壁、ドア、窓で埋められている、雨風から保護された密閉されたエリアです。

部屋の情報が記載されているパネル内にいるときに、画面の右側にあるパネルで部屋の詳細を確認できます。 多くのタイプのオブジェクトには部屋要件があり、部屋のスペースを占有し、部屋の材質が特定の品質であることが必要です。 住宅の価値は部屋の材質の質にも影響されます。 これは、たとえばレンガの家は、土のあばら家よりもはるかに多くの利益をもたらすことを意味します。


家具と部屋のタイプ
土地を主張し、そこに部屋を建てることで、追加の経験を獲得し始めます。これはオフラインでも持続します。 部屋の種類やそれらの部屋の家具を追加すると、さらに増加します。 各タイプの家具は、バスルーム、ベッドルーム、キッチン、または一般 (アイテムのツールチップに表示されます) といった部屋の種類に関連付けられています。 部屋のタイプは、家具の貢献度が最も高いカテゴリによって決定されます。 各部屋の価値は、その部屋にあるすべての家具を合計することによって計算されます。

部屋の中で同じ家具を複数置いたり、家の中で同じタイプの部屋を複数作成すると、利益は現象します。 つまり、住宅ポイントを獲得できますが、最初のポイントほど多くはありません。 最終的にはポイントの増加はごくわずかになり、そのタイプの家具や部屋を家にこれ以上追加する価値はなくなります。 たとえば、12 番目のバスルームは、最初のバスルームよりも家に付加される価値がはるかに低くなります。

部屋の材質の品質
ソフトキャップを設定することで、部屋の材質の平均層も住宅の価値を決定します。 部屋の価値がその部屋のソフトキャップを超えると、追加の住宅ポイントの収益は現象していきます。 このような場合は、部屋の材質をリニューアルする必要があるかもしれません。

228;部屋はあなたとあなたの機器を要素から保護し、スキルポイントを提供し、機器が機能できるようにします。
229;
工業や住宅の多くは、機能するために下水のサポートを必要とします。 一般的に、これは入力として水を必要とし、下水の出力を必要とすることを意味します。[Pipe Component] を持つすべてのオブジェクトは、下水接続を必要とします。

下水システムは、[MechanicalWaterPumpItem] または[ElectricWaterPumpItem] を水源に接続し、供給が必要な異なるオブジェクト間にパイプを構築することで作成されます。 廃水側では、パイプはオブジェクトから廃水を受け取り、環境に捨てる（出口で[Pollution] を生成する）か、[Waster Filter|WasteFilterItem] で処理し、廃水から[Compost|CompostItem] を生成します。

パイプは、同じタイプの隣接するパイプブロックに自動的に接続されます。 そのため、異なるパイプを近接させた下水システムを作るには、異なる材質のパイプを使用します。

230;特定のアイテムでは、給水と、廃水を除去するための下水を必要とします。
231;産業に関連するコンポーネント。
232;Eco で経験を積むと、新しい専門性と、その専門性内での新しいアビリティをアンロックできるようになります。得られる経験値には、キャラクター経験値と専門経験値の2種類があります。 どちらも経験値倍率によって増加します。

キャラクター経験値
キャラクター経験値とは、あなたがバックグラウンドで学習する速度、つまり知識や能力を得る速度のことです。 オフラインの状態でも、この経験値は常に上昇します。 実日数ごとに、1 * 経験値倍率の割合でキャラクター経験値を獲得できます。 レベルアップすると、星印で表される新たなスペシャリティ・アンロックが得られます。 レベルアップするごとに、より多くのキャラクター経験値を獲得する必要があるため、複数の専門家になることは非常に困難です。

専門経験値
専門経験値とは、特定の能力に関するあなたのスキルであり、常に上昇するのではなく、クラフトや労働など、その専門性に関連する行動を行ったときにのみ上昇するします。 キャラクター経験値と同様に、経験値倍率が乗算され、画面の左側には、アクションを実行したときに得られる経験値を示すアイコンが表示されており、これをクリックすると、その専門分野のレベルアップを詳しく見ることができます。
レベルアップの中には、そのスキルに関連した特定のボーナスを与えるタレントをアンロックできるものもあります。

経験値倍率
経験値倍率（またはXP倍率）は、あなたのヘルスとサポートシステムを表す個人的な値で、新しいスキルを習得するスピードを決定します。 経験値倍率はあなたの[Nutrition] と[Housing|Housing Overview] の合計値として決定されます。 この値はあなたのキャラクターと専門経験値の両方に影響するため、栄養価の高い食事を摂り、設備の整った家を持つことで、できるだけ高い値を保ちましょう。


233;Ecoには、キャラクター経験値（食べ物や住居によって得られる）と専門経験値（専門分野でのアクションを実行することで得られる）の2種類があります。
234;
[Experience] は栄養と[Housing|Housing Overview] によって決まり、栄養価の高いものを食べれば食べるほど[Experience] を早く得ることができます。 健康であればあるほど、より早く進捗することができます。

食べ物にはタンパク質、脂質、ビタミン、炭水化物の4つの栄養素があり、過去24時間に食べたすべての食べ物に含まれるそれぞれの栄養素の平均値を合計することで、経験値の倍率が決まります。  つまり、ジャンクフード(低栄養素なもの) を食べた場合、それが体内を通過するまでの24時間は影響を受けるということです。

さらに、バランス倍率が適用され、体内の栄養素の均等性に応じて、合計の0％～50％が追加される。例えば、各栄養素がちょうど25％あれば、50％の追加スキルが得られます。

サーバーの難易度設定によっては、「スキル獲得倍率」が設定され、さらに上昇することもあります。

最後に、スキルの基本獲得値が合計に加算される。これによって、完全に飢えているときでも、少なくともいくらかのスキルは獲得できる。 これらの計算は、左下のUIにある食べ物のツールチップで見ることができる。

カロリー
カロリーは栄養素とは異なり、仕事をするときに消費される。カロリーがなくなると、さらに食べるまで仕事ができなくなります。 カロリー消費は道具のアップグレードやスキルのレベルアップによって大幅に減らすことができます。
すべての食べ物はカロリーと栄養素の両方を得られるため、食べ物からカロリーを得ると同時にスキルの倍率も決まるので、食事には気をつけましょう。

235;栄養は住居と並んで、どれだけ早く経験値を獲得するかを決定します。
236;経済の繁栄の中心となるのは、専門化して取引する能力です。これにより、すべてを自分でやろうとする場合よりも効率的に作業できます。 社会が成功するためには、その両方がうまく達成されるかどうかにかかっています。
    
     国民のスキルは固有の能力と強化を与え、経済において異なるスキルを持つ他の市民と [Trade] することができます。 [Experience] を獲得すると、新しい[Specialties] のロックを解除したり、既存の[Specialties] をレベルアップしたりできます。 あなたが得る経験は、[Nutrition] と[Housing|Housing Overview] によって倍増されます。  
237;スキルシステムにより、国民は特定の職業に特化することができます。
238;
専門性はキャラクター[Experience] からレベルアップするとアンロックされます。 それぞれの特技（星印で表される）により、使用できる新しい能力がアンロックされます。

職業と特技
[Professions|Profession Overview] は単なるスキルのグループ化であり、似たようなスキルを一緒に保存する以外の目的はありません。
専門性はそれぞれプロフェッションの下に含まれ、獲得には2つのステップが必要です。

1. その技能の技能スクロールを読む
2. スターを消費してその専門性を習得する。

専門性を選んだら、その専門性に関連する基本レベルの能力を得ます。その専門性に関連する行動を行うと、専門性[Experience] を獲得し、専門性をレベルアップさせ、新しい能力をアンロックします。
スキル選択ダイアログで、他の国民が選択した専門性の広がりを見ることができます。他のプレイヤーが選択していない、あるいはレベルアップしていない専門性を選択することは、しばしば良いアイデアです。そうすることで、それぞれが自分の専門性を発揮したり、[Trade] しあって純益を得ることができます。


239;キャラクター経験値を集めることで専門性を獲得でき、各専門性によって新しい固有の能力が解放されます。
240;住居と並んで、食事もスキルアップには欠かせません。
241;大工は、木を伐採し、その木材を家具や住宅用の建材に加工することを専門としています。
   - [LoggingSkill] を使用すると、国民がより効率的に木を収穫できるようになります。 さらに、Logging は、大工の職業の主要な建築資材である[HewnLogItem] を生産するために使用されます。
   - [CarpentrySkill] により、国民は木製家具と[Boards|Board Item] を生産できるようになります。 [SawmillItem] を使用することで、この専門分野を持つ国民は [LumberItem] を生産できます。
   - [CompositesSkill] により、国民は高度な技術を使用して最高品質の建築材料を生産できるようになります。
   - [PaperMillingSkill] により、国民は木材パルプを精製して [PaperItem] を作ることができます。 一部の特殊家具には紙が使用されています。
242;大工は木材を扱う専門家です。
243;シェフは、国民がより早く経験を積めるよう、高品質の料理を作ることが目的です。農民やハンターが生産した食材を使い、シェフは栄養価の高い料理を作ります。技術の進歩に伴い、シェフの特技は徐々に高品質の料理を作るようになれます。
  
  - [CampfireCookingSkill] は入門レベルのシェフ専門性で、[CampfireItem] を使って、シェフでない人が作る基本的な炭焼き料理よりもおいしい料理を作ることができます。
  - [CookingSkill] は、[CastIronStoveItem] を使用してより質の高い料理を作るシェフ専門性の第二段階です。
  - [BakingSkill] は[FlourItem] を使って焼き菓子を作ります。
  - [AdvancedCookingSkill] は最高レベルの料理を生産する高レベルの専門家です。
  - [AdvancedBakingSkill] は[YeastItem] を使って[LeavenedDoughItem] で高品質の焼き菓子を生産するAdvanced Cookingの代替となる職業です。  
244;シェフが高品質の料理を作ることで、住民はより早く経験を積むことができます。
245;エンジニアは、他の職業が作った素材を使い、技術の進歩をリードする。彼らが生産する乗り物は、交易能力や市民の作業速度を大幅に向上させる。彼らが生産するクラフトテーブルは、様々な職業が高級品を作るために使用する。エンジニアはクラフトに必要な一次投入物を生産できないため、エンジニアであることは他の職業との頻繁な交流を必要とする。

-[BasicEngineeringSkill] により、国民は移動に役立つ道路や荷車を生産できる。さらに、基礎工学は鉱石を加工・製錬するのに必要な作業台を作成する。
-[MechanicsSkill] を使用すると、[SteamTruckItem] のような初期の電動車両を作成できます。力学は、技術的な進歩を可能にする最初の電力源を提供します。
-[IndustrySkill] では、[ExcavatorItem] のような高度な乗り物を国民が作成できるようになり、大量の天然資源を素早く収集できるようになります。
-[OilDrillingSkill] では、[PumpJackItem] を使用して[PetroleumItem] を収集し、燃料や様々な産業プロジェクトに使用することができます。
-[ElectronicsSkill] は、高価な材料を使って現代の工業プロジェクトに必要な最先端の材料を生産する、ハイエンドのエンジニアの専門分野です。これに加えて、環境に優しい電力源を提供し、エレクトロニクスは隕石から世界を救うために必要な[LaserItem] を製造するために使用されます。  
246;エンジニアは、他の国民のために車両やその他の先進的な製品を生産する優れた発明家です。
247;
農家は農業の専門家です。 彼らが生産する作物は、国民が仕事をするために必要なカロリーの主な供給源です。
 
   - [FarmingSkill] を使用すると、市民が農作物から種を作成し、大規模な農場の建設を支援できるようになります。
   - [FertilizersSkill] を使用すると、市民が土壌に栄養素を追加し、[SoilSamplerItem] を使用して土壌の状態をテストできるようになります。
   - [GatheringSkill] により、市民は野生植物と人間が作った農場の両方からより多くの農産物を収穫できるようになります。
   - [MillingSkill] により、市民は [MillItem] で農産物を加工し、シェフがより高度なレシピで使用できるようになります。  
248;農家は農業の専門家です。
249;
狩人は、効率的に動物を狩り、シェフが使用する肉を調理する専門家です。 狩猟された動物はシェフが肉を使用する前に処理する必要があるため、狩猟と料理の専門性は密接に関連しています。
   - [HuntingSkill] は、動物を狩るときにボーナス ダメージを与え、動物を走らせることなくより近い距離で動物に近づくことができるようにします。
   - [ButcherySkill] を使用すると、市民が動物の死骸を加工してシェフ用に調理済みの肉を作ることができます。 彼らが作る毛皮や皮は、衣服やその他の工業プロジェクトに使用できます。  
250;ハンターは動物を狩り、シェフのために肉を調理する専門家です。
251;石工は石を採掘し、加工するスペシャリストである。彼らは家屋の建築資材や家具の貴重な供給源となる。彼らが集めた鉱石は、鍛冶屋が金属棒を製錬するために使用する。
  
  -[MiningSkill] により、国民は石や鉱石を採掘する際に消費するカロリーを少なくすることができる。鉱夫はまた、集めた鉱石を加工し、製錬に使うために濃縮する。
  -[MasonrySkill] を使用すると、ほとんどの石工建築資材の主成分である[MortarItem] を生産できるようになる。彼らが生産する[MortaredStoneItem] は初期の住宅資材の素晴らしい材料となる。
  -[PotterySkill] を使用すると、[ClayItem] から[BrickItem] 建材や家具を作ることができます。
  -[GlassworkingSkill] で[GlassItem] や[FramedGlassItem] を作ることができる。ガラスは補助的な建築材料であり、様々な工業プロジェクトで使用される。
  -[AdvancedMasonrySkill] は高レベルの石工スキルで、最高級のアシュラーストーンの建築資材や家具を生産します。  
252;石工は石の採掘と加工の専門家です。
253;職業は、新しい製作レシピのロックを解除し、製作時やツールの使用時のカロリー使用量の削減などの能力を提供する同様の [Specialties] のグループです。 各専門職には、同様の専門分野のグループがあります。
  
以下はすべての職業と対応する専門分野のリストです。 国民は、1 つの職業に集中するか、さまざまな職業から専門分野を学ぶかを選択できます。  
254;職業は国民に特別な能力と高度なアイテムを作成する能力を与えます。
255;鍛冶屋は、濃縮された鉱石を製錬して、さまざまな職業で使用できる金属棒を作ります。 さらに、鍛冶屋は、市民がより生産的に働くのに役立つ優れたツールを作成します。
  
- [SmeltingSkill] は、技術進歩の基盤を構成する金属棒を製造する専門家です。 彼らが作成した鉄器は、初期の石器に比べて大きな利点をもたらします。
- [AdvancedSmeltingSkill] を使用すると、国民は鉄の延べ棒をさらに精製して、産業や高級建築資材に使用できる [Steel|SteelBarItem] にできます。 この専門知識を持つ国民は、自分たちが作成した鋼を、基本的な精錬によって作成された鉄の道具よりもさらに現代的な道具に使用することができます。  
256;鍛冶屋は鉱石を製錬して金属の棒を作り、高度なツールを作成します。
257;Ecoの世界では国民全員が生存者です。
  
[SelfImprovementSkill] の経験は、市民が別の専門分野をレベルアップするたびに得られます。 自己改善には主に 2 つの利点があります。 市民が進歩するにつれて、携行重量の許容量が増加し、多くのカロリーを受付られるよう、胃の容量が増加します。 さらに、ハンマー、シャベル、ドリルを使用するときの消費カロリーも少なくなります。  
258;サバイバリストは基本的な道具を使用する際に消費するカロリーが減り、携行重量が増加します。
259;仕立て屋は、着用するとボーナスが得られる高級家具や特殊な衣類の製造を専門としています。 ほとんどの職業とは異なり、仕立て屋の専門性は 1 つだけです。
 - [TailoringSkill] を使用すると、国民は高品質の家具を作成したり、さまざまな職業による製作プロジェクトに使用できる [ClothItem] を作成したりできます。 仕立て屋が作る洋服は国民に特別なボーナスを与えます。 たとえば、[BigBackpackItem] には、初期の [BasicBackpackItem] よりも高い最大重量制限があります。
260;仕立て屋は布を使って他の国民のために衣服や高級家具を作ります。
261;車両コンポーネントを含むオブジェクトはさまざまな方法でマウントおよび操作できるため、多くの利点が得られます。
  
多くの車両は動作するために [Power|Power Component] を必要とし、それぞれに独自の [Storage|Storage Component] があります。 多くの車両の運行には道路が必要となるため、世界中にインフラを構築すると、[Transport] 能力が大幅に向上します。
262;  - 輸送: [WoodCartItem] のような車両は、商品や人を場所から場所へと輸送できます。 技術が進歩するにつれて、汚染を引き起こすという代償を払って、より高速な移動速度とより高い運搬能力を備えた、より高度な車両が利用可能になります。

- 掘削: [ExcavatorItem] と [SkidSteerItem] は、大量の土や岩を素早く移動できます。 これにより、[Mining] の速度が大幅に向上し、新しい建設プロジェクトのために土地を迅速に開墾できるようになります。

- 建設: [CraneItem] は大規模な [Building] プロジェクトを迅速に実行できます。 クレーンはハンマーを使って建築する市民よりもはるかに広い建築範囲を持ち、大量の倉庫にアクセスできます。

264;車両はさまざまな作業を実行するために使用できます。
265;
Eco では、プレイヤーは最初に周囲のバイオームから食物を収穫します。 植物は持続的に豊富に収穫する機会に熟しています。 野生の食料源は補助的な再生可能資源として機能しますが、利用するとすぐに枯渇してしまいます。 一部の植物は、単なる食品以上の用途に役立つ可能性があります。他では見つからない化合物や、繊維や衣類に必要な原料を提供する可能性があります。

植物が異なれば、シャベルや鎌など、収穫に必要な道具も異なります。 他の種は道具を使わずに手で摘むことができます。 同様に、収穫時に枯れてしまう植物もあれば、成長を続けて健康であれば、収穫した果実を再び成長させるだけの植物もあります。  
266;人間が生きていくための手段を提供する動植物の生命システム。
267;
動物種は、資源としての利用可能性が大きく異なるEcoの世界に生息している。ある種は肉や牛乳のような食料の優れた供給源となり、またある種は羊毛、皮革、獣脂、骨粉のような有用な副産物を提供するかもしれません。しかし、個体数や生息地、食料源への影響に対する回復力や適応力という点でも、動物は大きく異なります。

狩猟を通じて、プレイヤーはさまざまな罠や道具を使い、彼らが暮らす生態系から野生動物を直接捕獲して利用することができます。また、狩猟は過剰な動物の個体数をコントロールしたり、淘汰したりする手段としても機能します。狩猟はプレイヤーにとって重要な活動ではありますが、特に初期の段階では、大規模な社会の食欲を満たすために、厳密に必要な活動ではないでしょう。

動物を狩ることは、その動物を最大限に利用するための第一歩に過ぎず、Butchery（屠殺）の進歩により、プレイヤーは動物を加工して様々な畜産物に利用できるようになります。料理人や仕立て屋といった他の職業と協力することで、動物やその産物の栄養学的、工業的、さらには文化的な用途が数多く解放されます。しかし、特定の動物性食品が経済的に人気を博すようになれば、その種に破壊的なダメージがかからないように注意しなければいけません。絶滅危惧種は、その生産物が希少になるにつれてますます価値が高くなるため、狩猟が最終的な打撃となることが多いのです。

狩りを始めるには、[WoodenBowItem] と[Arrows|Arrow Item] をクラフトする必要があります。より高度な弓を使えば、素早く的に当てることができます。また、時間帯によって狩りやすい動物がいることも覚えておきましょう。  
268;人間が生きていくための手段を提供する動植物の生命システム。
269;Ecopedia の入門ガイド。
270;
基本的なニーズを満たしたら、社会の共同プロジェクトにどのように貢献したいかを考えるときがあり、それをどのように行うかを考える必要があります。  
271;

各職業には、特別な能力のロックを解除できる多数の [Specialties] があります。 国民が持てる専門分野の数は限られているため、さまざまな専門分野を選択し、相互に [Trade] するのが良い方法です。 スキルウィンドウでは、各職業を選択した国民の数を確認し、最も必要なスキルを探して、重点を置くスキルを選択することができます。  
272;
さまざまなオプションの解説については、[Profession Overview] をご覧ください。  
273;(注: スキル ダイアログはチュートリアルの後半まで非表示になっています。チュートリアルを完了するかスキップすることで表示できるようになります。) 
274;さまざまな職業が存在する世界では、相互の利益を得るために取引することができます。
275;
Ecoにおける[Government|Government Overview] は、個々の国民によって運営されており、その質は、国民がどのように参加するかに完全に依存しています。

市政の運営に参加するには、以下のような方法があります：

    - [CapitolItem] と[Constitution] を作成して政府を設立する。
    - [Districts]、[Demographics]、[Elected Titles]、[Election Processes]、[Amendments|Constitution] などの市政目的を定義する。
    - [Elected Title|Elected Titles] の候補者として立候補し、憲法で割り当てられた特別な権限を与える。
    - 憲法で定義された特権を得た後に、[Laws] を制定する。
    - [Executive Actions] を制定する。
    - [Elections] で[Elected Titles] やその他の市政行為に投票する。
    - [Data] を使って法律について議論する。  
276;
これらのオプションはそれぞれ、さまざまな場所で利用可能であり、国民が建設する必要があります。 現在の政府は、アクションバーの政府アイコンを選択することで表示でき、各セクションにカーソルを置くと、市政目的が定義されている場所が指定されます。  
277;あなたの市政義務は、政府と対話できるさまざまな方法を取ることです。
278;社会が時代を超えてテクノロジーの頂点に達するためには、繁栄する[Economy|Economy Overview] が必要であり、市民がそれに参加することによって、社会の進歩を助けると同時に、自らの能力と富を向上させることができる。

経済への参加は、物品とサービスの両方の[Trade] を通じて行われます。 [Stores|Store Component]、[Contracts]、[Work Parties] のある既存のコミュニティを見つけることで、国民は自分の得意な商品や労働力を他の人の得意なものと交換することができ、それぞれが単独で働くよりも早く、個々の目標を達成することができます。 
自分では作れない材料や労働力を必要とする新しいプロジェクトを請け負うようになると、代わりに自分が実行できる商品やサービスを市場で売ることができるようになります。この[Currency] を使って他の人の商品やサービスを購入することで、すべてを自分で学ぶことなく目標を達成することができます。

自分の能力を高め、他の市民のニーズが増えるにつれて、自分の店や契約書、作業依頼を作り、彼らによる援助を求めることができます。 富を得るにつれて、（良くも悪くも）変化をもたらす力が高まります。 
279;知識と技術を進歩させる最も効率的な方法は、経済内での貿易です。
280;隕石を止めるには社会が機能する必要があるが、各個人は食料と住居を始めとして、それぞれのニーズを満たさなければなりません。 
281;定住地の決定
282;定住する場所を選ぶときは、次の要素を考慮する必要があります。
283;リソースへの近接性
付近にある自然の食料源と建築物資は、初期の進行を大幅にスピードアップします。

他人との距離の近さ
他の居住地の近くに設置すると、他の居住地と取引してより早く進歩を得ることができるため、明確な利点が得られます。 ただし、過密地域では拡張の選択肢や近隣の自然食品が限られている可能性もあります。 個人の好みに基づいてバランスの良いところを見つけてください。  
284;構想の主張
285; 最初の居住地を建設する場所を選択したら、その周囲の [Property] を請求する必要があります。 スターターテントを設置すると、これが自動的に行われ、土地書類を使用してさらに財産を請求することができます。 あなたが主張する財産は、あなたがアクセスを許可しない限り、他の国民から保護されます。
286;食料
287;仕事に必要なカロリーを確保するには、食料の供給源を見つけることが重要です。 さらに、食べる食べ物の[Nutrition] は経験値の獲得速度に影響するため、最速で獲得するには最高の食べ物を食べる必要があります。 荒野に定住するときは、近くで摂取できる食料源を探すか、[Farm|Farming] を設立する計画を立ててください。 既存の村の近くに定住する場合は、地元の経済を調べて、食料を得るために何を [Trade] できるかを確認してください。
288;食料と住居の確保が最優先事項です。 
289;[Ecosystem|Ecosystem Overview] は、市民が利用できる膨大な数の資源の提供者であるが、その影響に対して脆弱でもあります。 社会として成功するためには、[Government|Government Overview] を使って何が許されるかを規制し、影響を管理する必要があります。
 
様々な形の[Pollution] が環境に影響を及ぼし、食糧供給を破壊し、進歩を止め、生態系の崩壊につながる大災害の可能性を生み出します。 [Data] ツールを使えば、国民は自分たちが世界に与えている影響をモニターし、そのデータを使って世界を守るための特定の規制を主張したり、他の手段で経済を加速させたりすることができます。

世界は手付かずの広大な荒野として始まり、時代を経て、市民はテクノロジーを駆使して、[The Meteor] を阻止するために必要な産業と知識を構築し、世界を根本的に変革する必要があります。国民は、生態系の資源を最大限に利用することと、修復不可能なほど環境を破壊しないことの間で、慎重なナビゲーションを実行する必要があります。

290;生態系は多くのリソースを供給しますが、一方で、人間のアクションに対して脆弱です。
291;
Ecoは2つの脅威に挟まれた世界であり、すなわち、環境破壊と、常に迫り来る[Meteor|The Meteor] です。
  
成功するためには、時代を経て科学と産業を発展させ、生態系の崩壊を招くことなく隕石を破壊できるレベルまで到達する必要があります。 あなたは、より大きな社会の個々のメンバーとしてこれを行うことになり、個人のニーズと社会のニーズの間にポジティブな相互作用を生み出すことが成功のために重要です。

Ecoでのあなたの焦点は、個人の進歩を管理すると同時に、全体として[Economy|Economy Overview] を進歩させるよう努力することであり、あなたの行動によって影響を受ける動植物の豊かな[Ecosystem|Ecosystem Overview] の中でそれを行う必要があります。

 この個人、経済、生態系のトライアングルの間にポジティブな関係を作るのを助けるために、あなたには自由に使える[Government|Government Overview] のツールがあります。何が許されるかを決める拘束力のある[Laws] を定めたり、[Election|Elections] に立候補して政府の権限を手に入れ、社会を変えたり導いたりすることができます。

しかし、世界を救う前に、まずは基本的なニーズを満たす必要があります。 そのためには、まず[Food and Shelter] から始めましょう。
292;あなたのEcoでの旅。
293;惑星を周回する軌道上にある隕石は、30日後に衝突し、その過程で惑星上のすべてを破壊します。
  
しかし、希望は失われておらず、適切なテクノロジーを使えば、この危機を防ぐことができます。[Economy|economy overview] を繁栄させ、[Research] を進歩させるために協力することで、人類はこの脅威を破壊するために必要な[Laser|LaserItem] を作るチャンスを得られます。

このようなレベルに到達するために必要な産業は簡単ではなく、[Ecosystem|Ecosystem Overview] に真の脅威をもたらします。 これに対抗し、自ら作り出した生態系の崩壊の犠牲にならないためには、国民によってよく規制された[Government|Government Overview] が設計され、実行され、作られなければなりません。

世界の運命は、国民が生態系と調和して行動し、偉大な技術的偉業を達成できるかどうかにかかっている。  
294;迫り来る上空からの脅威。
295;道具を使うことで、国民は大きな建造物を建てたり、山を動かしたりすることができます。 最初のツールでは小さな変更のみを実行できますが、テクノロジーが進歩するにつれて、多くの操作を実行できるツールが得られ、最終的には世界に大規模な変更を加えることができる [Vehicle|Vehicle Component] が提供されるようになります。 
296;さまざまな種類のツールがあります：
  - [Building]: ハンマーは建築資材を「型枠」に入れることができ、シャベルは土を動かすことができます。 
  - [Farming]: 「耕す」「植える」「蒔く」のすべてに、効率を上げる道具があります。
  - [Transport]: 道路を作るための車や道具は、特に物資の運搬に役立ちます。
  - [Harvesting]: 生態系から資源を採取するための道具です。
  - [Hunting]: 食料を得るために動物を狩るには専用の道具が必要です。
  
手動で利用する道具にはカロリーが必要で、[Nutrition] に影響します。
すべての道具には耐久度があり、使用するにつれて低下します。 一度耐久度を失った道具は、使用するのに膨大なカロリーを消費するため、[Repair|Repair Component] テーブルで修理する必要があります。  
297;最高のツールを利用できると、最大限の進歩を達成できます。
298;基本的な原材料を集めた後、建築は国民が世界で自分自身を確立するために行う最初のことの 1 つです。  
299;国民はハンマーやクレーンを使って、住宅や産業のための建物を作ることができます。
300;
証書コンポーネントを使用すると、国民は自分が所有するすべての [Property] を表示および管理できるようになり、簡単にアクセスするためのインターフェイスが提供されます。  
301;国民が所有するすべての財産を表示および管理できるようにします。
302;
テキストコンポーネントは、標識、[Vehicles|Vehicle Component]、および[Distribution Station|Item Distribution Component] にあります。
  
テキストは、道案内、広告、または単にフレンドリーな挨拶を書くのに役立ちます。

テキスト マークアップに慣れている人にとっては、さまざまなタグを使用してテキストのサイズ、色、書式を変更できます。

303;国民が他の国民に表示されるテキストを作成できるようにします。
304;
Eco の生態系シミュレーションの基本的な目標は、多数の食物網を含むことです。食物網とは、特定の動物群集とその好物を中心とした、動植物間の「消費者」と「被消費者」の関係の集合と考えることができます。一般的には、それぞれのバイオームに少なくとも1つの強力な食物網が存在することが望ましいとされています。食物網は多くの場合、生態系における種間の最も重要な相互・相互関係の基礎となっている。多くの生物種は、他の生物種を餌として利用したり、その生物種を捕食するために他の生物種に依存している。

動物の獲物と捕食者は、ウェブ・インターフェイスとリンクされたレイヤーをチェックすることで見ることができます。現在のところ、獲物と捕食者の関係は一方通行であり、捕食者は獲物の存在を必要とするが、実際にはシミュレーションから獲物を取り除くことはありません。つまり、ヘラジカが爆発的に増えればオオカミの個体数は増えるが、ヘラジカにプレッシャーを与えることはありません。この関係を変化させ、予期せぬ突発的な形で制御不能に陥らないようにしながら、両方を消費するようにすることが、私たちが前進する上で重要です。  
305;人間が生きていくための手段を提供する動植物の生命システム。
306;Ecoの開発をフォローする。
307;
私たちは、Eco が永遠のゲームとなることを目指しており、深さと幅を増し、他の将来のゲームとのつながりを深め、エンターテイメントを超えた無限の可能性を秘めたシステムとしています。 この木にはEcoの過去、現在、未来が詰まっています。

     私たちの Web サイトから、ツリーのすべてのインタラクティブな部分を表示し、私たちがどこに向かっているのか、そしてゲームの背後にある指導哲学を確認することができます。  
308;Ecoツリーを見る
309;Ecoの開発をフォローする。
310;店舗の設定
311;修理ツール
312;Ecoの建物
313;
建物は「部屋」に分かれており、さまざまな用途に使用されます。

これらの用途には次のようなものがあります。

- 家具でいっぱいの家を作り、住宅からボーナス [Experience] を獲得します

- [Crafting] ステーションが機能するためのスペースを提供する

- 政府の設立に必要なさまざまな [Civic Objects|Civic Object Component] を収容します

314;建物の作成
315;建築資材を運ぶとき、ハンマーはさまざまなブロックの形状と建築パターンを切り替えることができます。

国民は [StoneHammerItem] を使用して最初の家を建てますが、技術が進歩するにつれて、使用時の消費カロリーが少なく、より優れた建築ツールが利用できるようになります。

大規模な建設プロジェクトは [CraneItem] を使用することで迅速に完了できますが、その代償として [Pollution] が発生します。  
316;乗り物の種類
317;市政目的の種類
318;
[Constitution] が可決されると、新しい政府の政策は、それが作成された政府の建物に市政オブジェクトとして含まれます。政府の建物には多くの種類があり、それぞれに独自のタイプの市政オブジェクトがあります。

- [Laws] は [CourtItem] で設定されます
- [Demographics] は [CensusBureauItem] で設定されます
- [Districts] は [ZoningOfficeItem] で設定されます
- [Elected Titles] は [GovernmentOfficeItem] で設定されます
- [Civic Articles] は [CapitolItem] または [AmendmentsItem] で設定されます
- [Election Processes] は [BoardOfElectionsItem] で設定されます
319;市政目的の提案
320;
「下書き」ボタンをクリックすると、国民は新しい市政オブジェクトを提案することができます。国民は、アイコンの上にカーソルを置くと表示される「コピー」ボタンをクリックすることで、オプションで市政オブジェクトに新しい草案を書き始めることができます。これにより、ダイアログが表示され、ベースとなる市政オブジェクト（過去または現在）を選択することができます。

すでに市政オブジェクトが含まれている庁舎の市政オブジェクト・コンポーネントにアクセスすることで、これらのポリシーを修正または廃止することができます。市政オブジェクトを廃止するには、アイコンにマウスオーバーすると表示される赤い「X」をクリックします。 既存のものを修正するには、インターフェイスで利用可能な「修正」ボタンをクリックします。

市政オブジェクトが有効であるためには、市政オブジェクトを含む建物が配置され、アクティブな状態である必要があります。政府の建物をピックアップした場合、その建物に含まれるすべての市政オブジェクトは一緒に移動し、建物を交換しない場合、それらは最終的に無効になります。
321;
- 変更をただちに適用: 実行権限を与えられた市民は、市民オブジェクトをすぐに追加、削除、編集できます。

- 選挙による提案: 選挙を提案できる市民は、追加/削除/編集を提案することができ、それにより新しい選挙がトリガーされます (憲法で定義されている[Election Process|Election Processes] を使用します)。

- 表示のみ: 市民が憲法で定義されている権限を持たない場合、市民オブジェクトをクリックすることによってのみ表示でき、変更は許可されません。  
322;
このコンポーネントは、[RealEstateDeskItem] からアクセスされます。 これは、国民が所有する証書上の [PropertyToolItem] を操作することでアクセスできる、個々の証書すべてへのリンクを提供します。

国民は自分の証書の名前をすぐに変更したり、ミニマップ上でその不動産の色を選択したり、他の国民に消費者の権利を付与したりすることができます。通常、これらはすべて [Authorization Component] を通じて行われます。

このコンポーネントの便利な機能は、不動産のプロットをある証書から別の証書にすばやく移動できることです。 これには、既存の財産を分割するための新しい証書を作成するオプションが含まれます。

323;テキストコンポーネントを使用すると、国民は、他の国民が読めるようにワールド オブジェクト上に表示されるテキストを作成できます。
324;パイプの要件
325;
パイプ コンポーネントを開くと、パイプの要件を表すさまざまなパイプ入力と出力が表示されます。 このコンポーネントを含むオブジェクトは、そのオブジェクトがアクティブになるためのすべてのパイプ要件を満たしている必要があります。

一部のオブジェクトでは、アクティブな [Status|Status Component] を持つためにパイプの 3 つの使用法すべてが必要ですが、他のオブジェクトでは一部のみが必要です。 各パイプ システムは 3 つの用途のうち 1 つにのみ使用できます。

パイプの 1 つの表示上にマウスを置くと、パイプがアクティブである、またはアクティブでない理由に関する詳細情報を示すツールチップが表示されます。  
326;大工
327;
[Carpenters|Carpenter] は、木を伐採し、その木材を家具や住宅用の建材に加工することを専門としています。
   - [LoggingSkill] を使用すると、国民がより効率的に木を収穫できるようになります。 さらに、Logging は、大工の職業の主要な建築資材である [Hewn Logs|HewnLogItem] を生産するために使用されます。
   - [CarpentrySkill] により、国民は木製家具と[Boards|Board Item] を生産できるようになります。 [SawmillItem] を使用することで、この専門分野を持つ国民は [LumberItem] を生産できます。
   - [CompositesSkill] により、国民は高度な技術を使用して最高品質の [CompositeLumberItem] 建築材料を生産できるようになります。
   - [PaperMillingSkill] により、国民は木材パルプを精製して [PaperItem] を作ることができます。 一部の特殊家具には紙が使用されています。

328;料理人
329;
[Chefs|Chef] は、国民がより早く経験を積めるよう、高品質の料理を作ることが目的です。
  - [CampfireCookingSkill] は入門レベルのシェフ専門性で、[CampfireItem] を使って、シェフでない人が作る基本的な炭焼き料理よりもおいしい料理を作ることができます。
  - [CookingSkill] は、[CastIronStoveItem] を使用してより質の高い料理を作るシェフ専門性の第二段階です。
  - [BakingSkill] は[FlourItem] を使って焼き菓子を作ります。
  - [AdvancedCookingSkill] は最高レベルの料理を生産する高レベルの専門家です。
  - [AdvancedBakingSkill] は[LeavenedDoughItem] で高品質の焼き菓子を生産するAdvanced Cookingの代替となる職業です。 
330;技術者
331;
[Engineers|Engineer] は、他の職業が使用する乗り物や高度な生産品の材料を生産することに特化しています。
  - [BasicEngineeringSkill] によって、国民は移動に役立つ道路や荷車を生産することができます。さらに、基本工学は鉱石を加工・製錬するのに必要なクラフトテーブルを作成します。
  - [MechanicsSkill] を使用すると、[SteamTruckItem] のような初期の電動乗り物を作成できます。Mechanicsは、技術的進歩を可能にする最初の電力源を提供します。
  - I[IndustrySkill] では、大量の天然資源を素早く収集できる[ExcavatorItem] のような高度な乗り物を市民が作成できるようになります。
  - [OilDrillingSkill] では、国民が[PumpJackItem] を使って[PetroleumItem] を集め、燃料や様々な産業プロジェクトに使用することができます。
  - [ElectronicsSkill] は、高価な材料を使って現代の工業プロジェクトに必要な最先端の材料を生産します。エレクトロニクスはクリーン電力の供給源となるだけでなく、隕石から世界を救うために必要な[LaserItem] の製造にも使用されます。

332;農家
333;
[Farmers|Farmer] は農業の専門家です。 彼らが生産する作物は、国民が仕事をするために必要なカロリーの主な供給源です。
 
   - [FarmingSkill] を使用すると、市民が農作物から種を作成し、大規模な農場の建設を支援できるようになります。
   - [FertilizersSkill] を使用すると、市民が土壌に栄養素を追加し、[SoilSamplerItem] を使用して土壌の状態をテストできるようになります。
   - [GatheringSkill] により、市民は野生植物と人間が作った農場の両方からより多くの農産物を収穫できるようになります。
   - [MillingSkill] により、市民は [MillItem] で農産物を加工し、シェフがより高度なレシピで使用できるようになります。

334;猟師
335;
[Hunters|Hunter] は、効率的に動物を狩り、シェフが使用する肉を調理する専門家です。 狩猟された動物はシェフが肉を使用する前に処理する必要があるため、狩猟と料理の専門性は密接に関連しています。
   - [HuntingSkill] は、動物を狩るときにボーナス ダメージを与え、動物を走らせることなくより近い距離で動物に近づくことができるようにします。
   - [ButcherySkill] を使用すると、市民が動物の死骸を加工してシェフ用に調理済みの肉を作ることができます。 彼らが作る毛皮や皮は、衣服やその他の工業プロジェクトに使用できます。

336;石工
337;
[Masons|Mason] は石を採掘し、加工するスペシャリストである。彼らは家屋の建築資材や家具の貴重な供給源となる。彼らが集めた鉱石は、鍛冶屋が金属棒を製錬するために使用する。
  
  -[MiningSkill] により、国民は石や鉱石を採掘する際に消費するカロリーを少なくすることができる。鉱夫はまた、集めた鉱石を加工し、製錬に使うために濃縮する。
  -[MasonrySkill] を使用すると、ほとんどの石工建築資材の主成分である[MortarItem] を生産できるようになる。彼らが生産する[MortaredStoneItem] は初期の住宅資材の素晴らしい材料となる。
  -[PotterySkill] を使用すると、[ClayItem] から[BrickItem] 建材や家具を作ることができます。
  -[GlassworkingSkill] で[GlassItem] や[FramedGlassItem] を作ることができる。ガラスは補助的な建築材料であり、様々な工業プロジェクトで使用される。
  -[AdvancedMasonrySkill] は高レベルの石工スキルで、最高級のアシュラーストーンの建築資材や家具を生産します。

338;鍛冶
339;
[Smiths|Smith] は、濃縮された鉱石を製錬して、さまざまな職業で使用できる金属棒を作ります。 さらに、鍛冶屋は、市民がより生産的に働くのに役立つ優れたツールを作成します。
  
- [SmeltingSkill] は、技術進歩の基盤を構成する金属棒を製造する専門家です。 彼らが作成した鉄器は、初期の石器に比べて大きな利点をもたらします。
- [AdvancedSmeltingSkill] を使用すると、国民は鉄の延べ棒をさらに精製して、産業や高級建築資材に使用できる [Steel|SteelBarItem] にできます。 この専門知識を持つ国民は、自分たちが作成した鋼を、基本的な精錬によって作成された鉄の道具よりもさらに現代的な道具に使用することができます。

340;裁縫
341;
[Tailor] は、着用するとボーナスが得られる高級家具や特殊な衣類の製造を専門としています。 ほとんどの職業とは異なり、仕立て屋の専門性は 1 つだけです。
   - [TailoringSkill] を使用すると、国民は高品質の家具を作成したり、さまざまな職業による製作プロジェクトに使用できる [ClothItem] を作成したりできます。 仕立て屋が作る洋服は国民に特別なボーナスを与えます。 たとえば、[BigBackpackItem] には、初期の [BasicBackpackItem] よりも高い最大重量制限があります。

342;サバイバリスト
343;
[Survivalists|Survivalist] は、多くの重量を運び、基本的なツールを使用するときに消費されるカロリーを減らすことを専門としています。 Ecoの世界では国民全員がサバイバリストです。
    - [SelfImprovementSkill] の経験は、国民が別の専門分野をレベルアップするたびに獲得できます。 レベルアップには主に 2 つの利点があります。 国民が進歩するにつれて、携行重量の許容量が増加し、多くのカロリーを収容できる胃の容量が大きくなります。 さらに、ハンマーやシャベルを使用するときの消費カロリーも少なくなります。

344;利用可能な取引、作業当事者、契約などの情報を含む、現在の経済の一般的な概要。
345;Economy Viewer は現在の経済の概要を提供し、経済参加に非常に役立つツールです。 他のユーザーの中でも、Economy Viewer には、すべての [StoreItem] の場所と、現在売買されているものが表示されます。
346;
エコノミー ビューアでは、次の詳細情報が提供されます。

    - 現在の [Trade] オファー
    - 既存の [Work Parties] とそのステータス
    - 投稿されたあらゆる [Contracts]
    - [Public Crafting Stations|Crafting Component] の場所
    - 既存の [Currencies|Currency] に関する情報
   
さらに、エコノミー ビューアを使用すると、国民は他の国民に通貨を直接送金したり、自分の[Bank Accounts] や未払いの負債の状況をすぐに確認したりすることができます。   
347;エコノミービューアへのアクセス
348;エコノミービューアには、画面の右下にあるエコノミーボタンをクリックしてアクセスできます。
349;世界に食料を供給する
食はEcoの社会の成長の根幹を形成し、文明を築くために必要なスキルの向上を促進します。 農家からシェフまで、食品生産者のよく組織されたネットワークにより、国民は必要な速度でスキルを習得できます。

350;あなたが居住している不動産は、住宅ポイントを提供します。
351;
各証書は任意の数の住人を持つことができ、それらの住人は住人の質と数に基づいて[Experience] ブーストを共有します。

居住者の数が増えるにつれて、居住ペナルティは増加します。 居住者の数が少ない場合（1人か2人）には、実質的にペナルティはなく、市民はこの方法で効果的に同居し、充実した家の恩恵を共有することができます。しかし、それ以上（5人以上）になると、ペナルティはより厳しくなり、過密状態になると最終的には99％に達します。

しかし、部屋の「収益減少」率は、入居率に有利に影響されます。（一人暮らしの場合、3つのバスルームは過剰ですが、ルームメイトがいる場合は便利だからです）。 つまり、より大きな家を建てることでペナルティを克服することができ、重複した部屋は入居ボーナスに反比例して影響されます。

物件の住人になるには、物件名をクリックします（物件内にいるとポップアップのステータスパネルに表示されます）。そこから居住者になることも、他の人を居住者に招待することもできます。 招待された他の市民は、同じインターフェイスを介して住民として参加することができます。肩書きや属性を指定してグループを招待することもできるので、特別な市民クラス（例えば新規プレイヤー）のための住宅を作ることもできます。また、居住者の最大人数を設定することで、（大人数のグループを招待することで）この方法で管理された住居が過密状態にならないようにすることもできます。

注意：後日、市民間の自動家賃徴収契約を可能にする追加機能が追加される予定です。今のところ、これは手動で振り込むことができます。
352;住民の許可
国民が不動産の居住者になると、たとえその不動産にアクセスできない場合でも、居住権として知られる特別な一連の許可を得ることができます。 これらの権利は次のとおりです。

   - 事前家具付きの部屋のサポート: 居住者は、消費者として敷地内のすべての世界のオブジェクトにアクセスできます。
   - 自分の物の持ち込み: 居住者は敷地内のどこにでも物を置くことができます (ブロックは不可)。
   - その場所に付属の家具を盗むことはできません: 居住者は、最初に配置した場合にのみワールドオブジェクトを拾うことができます。

